TSS_0006	ZMO0010
TSS_0014	ZMO0011
TSS_0016	ZMO0015
TSS_0018	ZMO0016
TSS_0019	ZMO0016
TSS_0020	ZMO0016
TSS_0022	ZMO0016
TSS_0023	ZMO0017
TSS_0024	ZMO0017
TSS_0025	ZMO0019
TSS_0027	ZMO0022
TSS_0028	ZMO0027
TSS_0030	ZMO0030
TSS_0031	ZMO0030
TSS_0032	ZMO0030
TSS_0035	ZMO0035
TSS_0036	ZMO0035
TSS_0039	ZMO0035
TSS_0040	ZMO0035
TSS_0041	ZMO0033
TSS_0043	ZMO0037
TSS_0045	ZMO0038
TSS_0048	ZMO0038
TSS_0049	ZMO0038
TSS_0050	ZMO0038
TSS_0051	ZMO0038
TSS_0053	ZMO0038
TSS_0055	ZMO0038
TSS_0056	ZMO0039
TSS_0057	ZMO0040
TSS_0058	ZMO0041
TSS_0059	ZMO0043
TSS_0064	ZMO0055
TSS_0067	ZMO0056
TSS_0068	ZMO0057
TSS_0069	ZMO0057
TSS_0071	ZMO0061
TSS_0072	ZMO0061
TSS_0073	ZMO0061
TSS_0074	ZMO0062
TSS_0077	ZMO0068
TSS_0078	ZMO0068
TSS_0079	ZMO0069
TSS_0080	ZMO0069
TSS_0081	ZMO0069
TSS_0082	ZMO0072
TSS_0083	ZMO0073
TSS_0084	ZMO0073
TSS_0085	ZMO0073
TSS_0086	ZMO0073
TSS_0087	ZMO0073
TSS_0090	ZMO0075
TSS_0091	ZMO0077
TSS_0092	ZMO0078
TSS_0093	ZMO0079
TSS_0095	ZMO0081
TSS_0098	ZMO0084
TSS_0099	ZMO0084
TSS_0101	ZMO0087
TSS_0102	ZMO0087
TSS_0107	ZMO0090
TSS_0108	ZMO0094
TSS_0110	ZMO0095
TSS_0111	ZMO0095
TSS_0112	ZMO0096
TSS_0113	ZMO0096
TSS_0114	ZMO0096
TSS_0116	ZMO0103
TSS_0117	ZMO0103
TSS_0118	ZMO0105
TSS_0119	ZMO0105
TSS_0120	ZMO0105
TSS_0121	ZMO0105
TSS_0124	ZMO0107
TSS_0136	ZMO0112
TSS_0137	ZMO0111
TSS_0138	ZMO0112
TSS_0139	ZMO0113
TSS_0140	ZMO0115
TSS_0143	ZMO0116
TSS_0147	ZMO0120
TSS_0148	ZMO0120
TSS_0149	ZMO0120
TSS_0150	ZMO0120
TSS_0151	ZMO0121
TSS_0152	ZMO0121
TSS_0154	ZMO0122
TSS_0156	ZMO0122
TSS_0163	ZMO0127
TSS_0165	ZMO0128
TSS_0167	ZMO0128
TSS_0168	ZMO0128
TSS_0171	ZMO0130
TSS_0172	ZMO0130
TSS_0174	ZMO0133
TSS_0175	ZMO2040
TSS_0176	ZMO2041
TSS_0177	ZMO2041
TSS_0178	ZMO2041
TSS_0180	ZMO2041
TSS_0193	ZMO0139
TSS_0194	ZMO0140
TSS_0195	ZMO0142
TSS_0196	ZMO0142
TSS_0198	ZMO0144
TSS_0199	ZMO0144
TSS_0201	ZMO0148
TSS_0202	ZMO0148
TSS_0207	ZMO0152
TSS_0208	ZMO0152
TSS_0209	ZMO0152
TSS_0210	ZMO0152
TSS_0212	ZMO0152
TSS_0214	ZMO2043
TSS_0215	ZMO2043
TSS_0216	ZMO2043
TSS_0218	ZMO2043
TSS_0221	ZMO0153
TSS_0222	ZMO0153
TSS_0224	ZMO0156
TSS_0225	ZMO0156
TSS_0227	ZMO0156
TSS_0228	ZMO0156
TSS_0229	ZMO0156
TSS_0230	ZMO0156
TSS_0234	ZMO0157
TSS_0235	ZMO0158
TSS_0236	ZMO0160
TSS_0237	ZMO0160
TSS_0239	ZMO0165
TSS_0240	ZMO0165
TSS_0241	ZMO0165
TSS_0242	ZMO0165
TSS_0243	ZMO0166
TSS_0245	ZMO0166
TSS_0246	ZMO0166
TSS_0247	ZMO0166
TSS_0262	ZMO0169
TSS_0264	ZMO0169
TSS_0265	ZMO2044
TSS_0267	ZMO0172
TSS_0278	ZMO0173
TSS_0279	ZMO0173
TSS_0280	ZMO0173
TSS_0281	ZMO0173
TSS_0282	ZMO0173
TSS_0283	ZMO0173
TSS_0284	ZMO0173
TSS_0285	ZMO0174
TSS_0286	ZMO0174
TSS_0287	ZMO0176
TSS_0288	ZMO0175
TSS_0289	ZMO0176
TSS_0290	ZMO0177
TSS_0292	ZMO0177
TSS_0294	ZMO0177
TSS_0296	ZMO0177
TSS_0297	ZMO0177
TSS_0298	ZMO0177
TSS_0300	ZMO0177
TSS_0302	ZMO0177
TSS_0304	ZMO0177
TSS_0308	ZMO0177
TSS_0319	ZMO0178
TSS_0320	ZMO0178
TSS_0321	ZMO0178
TSS_0322	ZMO0178
TSS_0324	ZMO0178
TSS_0325	ZMO0179
TSS_0326	ZMO0179
TSS_0327	ZMO0179
TSS_0331	ZMO0180
TSS_0332	ZMO0180
TSS_0333	ZMO0182
TSS_0334	ZMO0182
TSS_0335	ZMO0182
TSS_0336	ZMO0182
TSS_0337	ZMO0182
TSS_0344	ZMO0183
TSS_0345	ZMO0183
TSS_0346	ZMO0183
TSS_0347	ZMO0184
TSS_0350	ZMO0184
TSS_0353	ZMO0184
TSS_0355	ZMO0184
TSS_0358	ZMO0184
TSS_0359	ZMO0184
TSS_0360	ZMO0186
TSS_0361	ZMO0186
TSS_0363	ZMO0186
TSS_0364	ZMO0186
TSS_0365	ZMO0186
TSS_0366	ZMO0186
TSS_0371	ZMO0187
TSS_0372	ZMO0187
TSS_0374	ZMO0187
TSS_0377	ZMO0189
TSS_0379	ZMO0189
TSS_0381	ZMO0192
TSS_0383	ZMO0193
TSS_0384	ZMO0193
TSS_0387	ZMO0193
TSS_0388	ZMO0197
TSS_0389	ZMO0197
TSS_0392	ZMO0198
TSS_0396	ZMO0199
TSS_0398	ZMO0201
TSS_0399	ZMO0202
TSS_0400	ZMO0202
TSS_0401	ZMO0202
TSS_0402	ZMO0202
TSS_0405	ZMO0207
TSS_0406	ZMO0207
TSS_0407	ZMO0208
TSS_0409	ZMO0209
TSS_0410	ZMO0209
TSS_0413	ZMO0211
TSS_0415	ZMO0211
TSS_0417	ZMO0213
TSS_0419	ZMO0215
TSS_0420	ZMO0215
TSS_0421	ZMO0220
TSS_0422	ZMO0220
TSS_0423	ZMO0220
TSS_0424	ZMO0220
TSS_0429	ZMO0221
TSS_0430	ZMO0221
TSS_0432	ZMO0221
TSS_0433	ZMO0223
TSS_0434	ZMO0224
TSS_0435	ZMO0225
TSS_0436	ZMO0226
TSS_0437	ZMO0226
TSS_0438	ZMO0226
TSS_0439	ZMO0228
TSS_0440	ZMO0230
TSS_0442	ZMO0231
TSS_0448	ZMO0234
TSS_0449	ZMO0234
TSS_0450	ZMO0234
TSS_0451	ZMO0234
TSS_0453	ZMO0234
TSS_0454	ZMO0234
TSS_0457	ZMO0238
TSS_0459	ZMO0239
TSS_0460	ZMO0239
TSS_0462	ZMO2046
TSS_0463	ZMO0240
TSS_0464	ZMO0240
TSS_0465	ZMO0240
TSS_0466	ZMO0241
TSS_0467	ZMO0241
TSS_0468	ZMO0241
TSS_0469	ZMO0242
TSS_0470	ZMO0242
TSS_0471	ZMO0244
TSS_0472	ZMO0244
TSS_0473	ZMO0244
TSS_0474	ZMO0244
TSS_0475	ZMO0244
TSS_0476	ZMO0244
TSS_0477	ZMO0244
TSS_0480	ZMO0244
TSS_0481	ZMO0244
TSS_0482	ZMO0244
TSS_0484	ZMO0244
TSS_0485	ZMO0244
TSS_0486	ZMO0244
TSS_0487	ZMO0244
TSS_0489	ZMO0249
TSS_0490	ZMO0249
TSS_0492	ZMO0249
TSS_0494	ZMO0249
TSS_0496	ZMO0251
TSS_0498	ZMO0250
TSS_0499	ZMO0250
TSS_0500	ZMO0252
TSS_0512	ZMO0256
TSS_0513	ZMO0256
TSS_0519	Zms20
TSS_0521	Zms20
TSS_0522	Zms20
TSS_0523	Zms20
TSS_0524	ZMO0260
TSS_0529	ZMO0263
TSS_0530	ZMO0264
TSS_0534	ZMO0266
TSS_0536	ZMO0268
TSS_0537	ZMO0268
TSS_0538	ZMO0271
TSS_0539	ZMO0271
TSS_0540	ZMO0273
TSS_0541	ZMO0273
TSS_0542	ZMO0273
TSS_0544	ZMO0274
TSS_0545	ZMO0274
TSS_0547	ZMO0275
TSS_0548	ZMO0277
TSS_0549	ZMO0277
TSS_0550	ZMO0277
TSS_0551	ZMO0277
TSS_0552	ZMO0279
TSS_0557	ZMO0279
TSS_0559	ZMO0279
TSS_0562	ZMO0279
TSS_0563	ZMO0278
TSS_0565	ZMO0278
TSS_0569	ZMO0281
TSS_0570	ZMO0282
TSS_0572	ZMO0282
TSS_0574	ZMO0281
TSS_0576	ZMO0287
TSS_0577	ZMO0286
TSS_0578	ZMO0286
TSS_0579	ZMO0287
TSS_0580	ZMO0287
TSS_0581	ZMO0286
TSS_0582	ZMO0290
TSS_0583	ZMO0290
TSS_0586	ZMO0291
TSS_0587	ZMO0293
TSS_0589	ZMO0294
TSS_0590	ZMO0294
TSS_0593	ZMO0294
TSS_0594	ZMO0294
TSS_0595	ZMO0297
TSS_0596	ZMO0298
TSS_0597	ZMO0300
TSS_0598	ZMO0299
TSS_0599	ZMO0299
TSS_0602	ZMO0306
TSS_0603	ZMO0309
TSS_0606	ZMO0311
TSS_0607	ZMO0311
TSS_0608	ZMO0311
TSS_0609	ZMO0313
TSS_0611	ZMO0314
TSS_0612	ZMO0315
TSS_0613	ZMO0318
TSS_0615	ZMO0318
TSS_0617	ZMO0319
TSS_0623	ZMO0321
TSS_0625	ZMO0322
TSS_0626	ZMO0323
TSS_0632	ZMO0325
TSS_0633	ZMO0327
TSS_0634	ZMO0327
TSS_0636	ZMO0328
TSS_0637	ZMO0328
TSS_0641	ZMO0331
TSS_0642	ZMO0331
TSS_0643	ZMO0331
TSS_0644	ZMO0332
TSS_0645	ZMO0335
TSS_0646	ZMO0332
TSS_0647	ZMO0335
TSS_0648	ZMO0335
TSS_0649	ZMO0335
TSS_0650	ZMO0336
TSS_0651	ZMO0339
TSS_0652	ZMO0339
TSS_0653	ZMO0341
TSS_0656	ZMO0342
TSS_0657	ZMO0342
TSS_0658	ZMO0343
TSS_0659	ZMO0343
TSS_0660	ZMO0344
TSS_0664	ZMO0345
TSS_0665	ZMO0345
TSS_0666	ZMO0345
TSS_0667	ZMO0346
TSS_0668	ZMO0346
TSS_0670	ZMO0346
TSS_0671	ZMO0346
TSS_0672	ZMO0346
TSS_0673	ZMO0346
TSS_0677	ZMO0347
TSS_0678	ZMO0347
TSS_0679	ZMO0347
TSS_0680	ZMO0347
TSS_0681	ZMO0347
TSS_0682	ZMO0349
TSS_0683	ZMO0349
TSS_0685	ZMO0350
TSS_0686	ZMO0350
TSS_0687	ZMO0351
TSS_0689	ZMO0352
TSS_0690	ZMO0352
TSS_0691	ZMO0352
TSS_0692	ZMO0352
TSS_0693	ZMO0353
TSS_0694	ZMO0353
TSS_0695	ZMO0353
TSS_0696	ZMO0353
TSS_0698	ZMO0355
TSS_0700	ZMO0355
TSS_0701	ZMO0354
TSS_0702	ZMO0355
TSS_0704	ZMO0354
TSS_0705	ZMO0357
TSS_0706	ZMO0359
TSS_0707	ZMO0359
TSS_0709	ZMO0360
TSS_0711	ZMO0361
TSS_0713	ZMO0362
TSS_0716	ZMO0363
TSS_0717	ZMO0363
TSS_0718	ZMO0363
TSS_0719	ZMO0363
TSS_0720	ZMO0363
TSS_0722	ZMO0366
TSS_0723	ZMO0366
TSS_0724	ZMO0366
TSS_0725	ZMO0366
TSS_0726	ZMO0366
TSS_0727	ZMO0366
TSS_0729	ZMO0366
TSS_0730	ZMO0366
TSS_0731	ZMO0366
TSS_0733	ZMO0366
TSS_0734	ZMO0366
TSS_0735	ZMO0366
TSS_0738	ZMO0366
TSS_0742	ZMO0367
TSS_0743	ZMO0367
TSS_0745	ZMO0367
TSS_0747	ZMO0368
TSS_0749	ZMO0368
TSS_0750	ZMO0368
TSS_0751	ZMO0368
TSS_0752	ZMO0368
TSS_0754	ZMO0368
TSS_0755	ZMO0368
TSS_0756	ZMO0368
TSS_0757	ZMO0368
TSS_0761	ZMO0369
TSS_0764	ZMO0369
TSS_0766	ZMO0369
TSS_0767	ZMO0369
TSS_0771	ZMO0372
TSS_0773	ZMO0372
TSS_0787	ZMO0376
TSS_0789	ZMO0376
TSS_0790	ZMO0376
TSS_0792	ZMO0381
TSS_0793	ZMO0385
TSS_0795	ZMO0395
TSS_0803	ZMO0402
TSS_0804	ZMO0403
TSS_0807	ZMO0405
TSS_0809	ZMO0405
TSS_0810	ZMO0405
TSS_0811	ZMO0405
TSS_0814	ZMO0407
TSS_0815	ZMO0407
TSS_0816	ZMO0407
TSS_0817	ZMO0406
TSS_0818	ZMO0407
TSS_0819	ZMO0407
TSS_0820	ZMO0407
TSS_0821	ZMO0407
TSS_0822	ZMO0406
TSS_0823	ZMO0408
TSS_0825	ZMO0410
TSS_0828	ZMO0412
TSS_0831	ZMO0414
TSS_0832	ZMO0414
TSS_0833	ZMO0414
TSS_0836	ZMO0421
TSS_0837	ZMO0421
TSS_0839	ZMO0422
TSS_0841	ZMO0423
TSS_0843	ZMO0425
TSS_0844	ZMO0428
TSS_0845	ZMO0430
TSS_0846	ZMO0431
TSS_0847	ZMO0431
TSS_0848	ZMO0431
TSS_0849	ZMO0431
TSS_0852	ZMO0432
TSS_0853	ZMO0433
TSS_0854	ZMO0433
TSS_0856	ZMO0435
TSS_0857	ZMO0435
TSS_0858	ZMO0435
TSS_0859	ZMO0435
TSS_0861	ZMO0440
TSS_0862	ZMO0442
TSS_0863	ZMO0442
TSS_0865	ZMO0442
TSS_0866	ZMO0442
TSS_0867	ZMO0444
TSS_0868	ZMO0444
TSS_0869	ZMO0444
TSS_0871	ZMO0443
TSS_0873	ZMO0445
TSS_0875	ZMO0448
TSS_0876	ZMO0448
TSS_0877	ZMO0448
TSS_0880	ZMO0448
TSS_0888	ZMO0449
TSS_0890	ZMO0449
TSS_0891	ZMO0449
TSS_0892	ZMO0449
TSS_0893	ZMO0449
TSS_0894	ZMO0449
TSS_0895	ZMO0448
TSS_0896	ZMO0449
TSS_0897	ZMO0449
TSS_0898	ZMO0449
TSS_0899	ZMO0449
TSS_0900	ZMO0449
TSS_0906	ZMO0454
TSS_0907	ZMO0454
TSS_0908	ZMO0454
TSS_0909	ZMO0456
TSS_0910	ZMO0456
TSS_0911	ZMO0460
TSS_0912	ZMO0460
TSS_0913	Zms6
TSS_0914	Zms6
TSS_0918	Zms6
TSS_0923	ZMO0464
TSS_0924	ZMO0465
TSS_0925	ZMO0465
TSS_0926	ZMO0465
TSS_0927	ZMO0465
TSS_0928	ZMO0465
TSS_0929	ZMO0465
TSS_0930	ZMO0465
TSS_0931	ZMO0465
TSS_0932	ZMO0467
TSS_0933	ZMO0467
TSS_0934	ZMO0467
TSS_0935	ZMO0465
TSS_0936	ZMO0467
TSS_0937	ZMO0467
TSS_0939	ZMO0468
TSS_0942	ZMO0471
TSS_0943	ZMO0469
TSS_0945	ZMO0469
TSS_0946	ZMO0469
TSS_0947	ZMO0469
TSS_0950	ZMO0472
TSS_0951	ZMO0474
TSS_0952	ZMO0476
TSS_0953	ZMO0477
TSS_0956	ZMO0478
TSS_0957	ZMO0478
TSS_0958	ZMO0478
TSS_0959	ZMO0478
TSS_0960	ZMO0480
TSS_0962	ZMO0480
TSS_0963	ZMO0480
TSS_0966	ZMO0482
TSS_0968	ZMO0482
TSS_0969	ZMO0482
TSS_0970	ZMO0482
TSS_0971	ZMO0482
TSS_0972	ZMO0483
TSS_0973	ZMO0485
TSS_0974	ZMO0485
TSS_0975	ZMO0485
TSS_0977	ZMO0485
TSS_0978	ZMO0485
TSS_0979	ZMO0485
TSS_0981	ZMO0488
TSS_0983	ZMO0488
TSS_0984	ZMO0488
TSS_0986	ZMO0488
TSS_0990	ZMO0488
TSS_0992	ZMO0488
TSS_0993	ZMO0488
TSS_0994	ZMO0488
TSS_0995	ZMO0488
TSS_0999	ZMO0491
TSS_1000	ZMO0491
TSS_1001	ZMO0491
TSS_1003	ZMO0491
TSS_1004	ZMO0491
TSS_1005	ZMO0491
TSS_1006	ZMO0491
TSS_1007	ZMO0491
TSS_1008	ZMO0492
TSS_1009	ZMO0492
TSS_1011	ZMO0492
TSS_1012	ZMO0492
TSS_1013	ZMO0492
TSS_1014	ZMO0492
TSS_1015	ZMO0492
TSS_1016	ZMO0493
TSS_1017	ZMO0493
TSS_1018	ZMO0493
TSS_1022	ZMO0494
TSS_1023	ZMO0494
TSS_1028	ZMO0496
TSS_1029	ZMO0498
TSS_1030	ZMO0498
TSS_1037	ZMO0499
TSS_1038	ZMO0499
TSS_1040	ZMO0500
TSS_1041	ZMO0501
TSS_1045	ZMO0507
TSS_1046	ZMO0510
TSS_1047	ZMO0510
TSS_1048	ZMO0510
TSS_1049	ZMO0510
TSS_1051	ZMO0511
TSS_1052	ZMO0511
TSS_1056	Zms3
TSS_1059	Zms3
TSS_1060	Zms3
TSS_1061	Zms3
TSS_1062	Zms3
TSS_1064	Zms3
TSS_1065	Zms3
TSS_1066	Zms3
TSS_1068	Zms3
TSS_1069	ZMO0514
TSS_1070	ZMO0514
TSS_1073	ZMO0515
TSS_1078	ZMO0516
TSS_1079	ZMO0516
TSS_1081	ZMO0516
TSS_1082	ZMO0516
TSS_1083	ZMO0516
TSS_1085	ZMO0516
TSS_1086	ZMO0516
TSS_1087	ZMO0516
TSS_1088	ZMO0516
TSS_1089	ZMO0516
TSS_1092	ZMO0516
TSS_1096	ZMO0516
TSS_1097	ZMO0516
TSS_1098	ZMO0516
TSS_1105	ZMO2003
TSS_1107	ZMO2003
TSS_1110	ZMO0517
TSS_1113	ZMO0517
TSS_1115	ZMO0517
TSS_1117	ZMO0517
TSS_1118	ZMO0517
TSS_1119	ZMO0517
TSS_1122	ZMO0518
TSS_1123	ZMO0518
TSS_1124	ZMO0519
TSS_1125	ZMO0519
TSS_1126	ZMO0519
TSS_1127	ZMO0519
TSS_1128	ZMO0520
TSS_1130	ZMO2004
TSS_1131	ZMO2004
TSS_1132	ZMO2004
TSS_1133	ZMO2004
TSS_1138	ZMO0522
TSS_1139	ZMO0522
TSS_1140	ZMO0522
TSS_1141	ZMO0522
TSS_1143	ZMO0523
TSS_1144	ZMO0523
TSS_1145	ZMO0523
TSS_1146	ZMO0523
TSS_1147	ZMO0523
TSS_1148	ZMO0523
TSS_1149	ZMO0523
TSS_1150	ZMO0523
TSS_1151	ZMO0523
TSS_1153	ZMO0523
TSS_1154	ZMO0524
TSS_1155	ZMO0524
TSS_1156	ZMO0524
TSS_1157	ZMO0525
TSS_1159	ZMO0526
TSS_1160	ZMO0526
TSS_1161	ZMO0526
TSS_1162	ZMO0526
TSS_1163	ZMO0526
TSS_1164	ZMO0526
TSS_1166	ZMO0526
TSS_1167	ZMO0527
TSS_1168	ZMO0527
TSS_1169	ZMO0528
TSS_1170	ZMO0528
TSS_1172	ZMO0529
TSS_1173	ZMO0529
TSS_1174	ZMO0529
TSS_1176	ZMO0529
TSS_1177	ZMO0530
TSS_1178	ZMO0531
TSS_1179	ZMO0532
TSS_1181	ZMO0533
TSS_1182	ZMO0534
TSS_1183	ZMO0534
TSS_1184	ZMO0534
TSS_1185	ZMO0534
TSS_1186	ZMO0534
TSS_1187	ZMO0534
TSS_1189	ZMO0536
TSS_1191	ZMO0536
TSS_1192	ZMO0537
TSS_1193	ZMO0537
TSS_1195	ZMO0538
TSS_1196	ZMO0539
TSS_1199	ZMO0539
TSS_1201	ZMO0539
TSS_1202	ZMO0539
TSS_1203	ZMO0539
TSS_1205	ZMO0539
TSS_1207	ZMO0539
TSS_1208	ZMO0539
TSS_1209	ZMO0540
TSS_1210	ZMO0540
TSS_1211	ZMO0540
TSS_1212	ZMO0541
TSS_1216	ZMO0542
TSS_1217	ZMO0542
TSS_1218	ZMO0542
TSS_1219	ZMO0542
TSS_1227	ZMO0543
TSS_1228	ZMO0543
TSS_1232	ZMO0543
TSS_1234	ZMO0543
TSS_1235	ZMO0543
TSS_1242	Zms13
TSS_1246	Zms13
TSS_1247	Zms13
TSS_1286	ZMO2050
TSS_1287	ZMO2050
TSS_1288	ZMO0547
TSS_1289	ZMO0547
TSS_1290	ZMO0548
TSS_1291	ZMO0548
TSS_1292	ZMO0548
TSS_1293	ZMO0548
TSS_1299	ZMO0550
TSS_1300	ZMO0550
TSS_1301	ZMO0550
TSS_1304	ZMO0550
TSS_1308	ZMO0553
TSS_1309	ZMO0554
TSS_1310	ZMO0554
TSS_1312	ZMO0555
TSS_1313	ZMO0555
TSS_1315	ZMO0555
TSS_1316	ZMO0555
TSS_1317	ZMO0555
TSS_1318	ZMO0555
TSS_1319	ZMO0555
TSS_1321	ZMO0555
TSS_1325	ZMO0556
TSS_1326	ZMO0556
TSS_1327	ZMO0557
TSS_1328	ZMO0560
TSS_1338	ZMO0561
TSS_1339	ZMO0561
TSS_1340	ZMO0564
TSS_1342	ZMO0564
TSS_1344	ZMO0564
TSS_1345	ZMO0564
TSS_1346	ZMO0564
TSS_1347	ZMO0564
TSS_1348	ZMO0564
TSS_1349	ZMO0563
TSS_1350	ZMO0563
TSS_1351	ZMO0565
TSS_1353	ZMO0566
TSS_1354	ZMO0567
TSS_1355	ZMO0570
TSS_1356	ZMO0570
TSS_1357	ZMO0569
TSS_1358	ZMO0570
TSS_1359	ZMO0570
TSS_1369	ZMO0571
TSS_1370	ZMO0574
TSS_1374	ZMO0578
TSS_1375	ZMO0578
TSS_1376	ZMO0581
TSS_1377	ZMO0578
TSS_1379	ZMO0583
TSS_1381	ZMO0586
TSS_1382	ZMO0587
TSS_1383	ZMO0588
TSS_1384	ZMO0588
TSS_1385	ZMO0589
TSS_1386	ZMO0590
TSS_1387	ZMO0591
TSS_1388	ZMO0593
TSS_1390	ZMO0595
TSS_1391	ZMO0595
TSS_1392	ZMO0595
TSS_1393	ZMO0594
TSS_1394	ZMO0595
TSS_1395	ZMO0595
TSS_1396	ZMO0594
TSS_1398	ZMO0598
TSS_1400	ZMO0599
TSS_1401	ZMO0599
TSS_1402	ZMO0599
TSS_1405	ZMO2051
TSS_1406	ZMO2051
TSS_1408	ZMO0603
TSS_1409	ZMO0603
TSS_1410	ZMO0604
TSS_1412	ZMO0605
TSS_1413	ZMO0605
TSS_1416	ZMO0608
TSS_1417	ZMO0608
TSS_1419	ZMO0608
TSS_1420	ZMO0609
TSS_1421	ZMO0609
TSS_1422	ZMO0609
TSS_1424	ZMO0610
TSS_1425	ZMO0610
TSS_1429	ZMO0611
TSS_1430	ZMO0612
TSS_1431	ZMO0614
TSS_1432	ZMO0614
TSS_1433	ZMO0616
TSS_1434	ZMO0619
TSS_1435	ZMO0619
TSS_1436	ZMO0619
TSS_1437	ZMO0621
TSS_1438	ZMO0622
TSS_1442	ZMO0624
TSS_1443	ZMO0624
TSS_1444	ZMO0624
TSS_1445	ZMO0625
TSS_1446	ZMO0625
TSS_1448	ZMO0628
TSS_1449	ZMO0628
TSS_1453	ZMO0629
TSS_1454	ZMO0631
TSS_1455	ZMO0631
TSS_1456	ZMO0631
TSS_1459	ZMO0635
TSS_1461	ZMO0638
TSS_1462	ZMO0638
TSS_1465	ZMO0642
TSS_1467	ZMO0644
TSS_1469	ZMO0649
TSS_1471	ZMO0651
TSS_1475	ZMO0652
TSS_1476	ZMO0652
TSS_1477	ZMO0652
TSS_1478	ZMO0652
TSS_1479	ZMO0652
TSS_1480	ZMO0652
TSS_1481	ZMO0652
TSS_1482	ZMO0652
TSS_1488	ZMO0653
TSS_1491	ZMO0654
TSS_1492	ZMO0657
TSS_1493	ZMO0659
TSS_1494	ZMO0659
TSS_1495	ZMO0659
TSS_1496	ZMO0659
TSS_1497	ZMO0660
TSS_1498	ZMO0660
TSS_1499	ZMO0660
TSS_1500	ZMO0660
TSS_1503	ZMO0660
TSS_1504	ZMO0660
TSS_1506	ZMO0661
TSS_1514	ZMO0664
TSS_1515	ZMO0664
TSS_1516	ZMO0664
TSS_1518	ZMO0665
TSS_1519	ZMO0665
TSS_1520	ZMO0666
TSS_1521	ZMO2005
TSS_1522	ZMO2005
TSS_1523	ZMO2005
TSS_1524	ZMO2005
TSS_1525	ZMO0667
TSS_1526	ZMO0667
TSS_1527	ZMO0667
TSS_1528	ZMO0667
TSS_1529	ZMO0667
TSS_1531	ZMO0667
TSS_1532	ZMO0667
TSS_1533	ZMO0667
TSS_1535	ZMO0668
TSS_1536	ZMO0668
TSS_1537	ZMO0668
TSS_1539	ZMO0672
TSS_1540	ZMO0672
TSS_1542	ZMO0672
TSS_1544	ZMO0675
TSS_1545	ZMO0675
TSS_1546	ZMO0675
TSS_1547	ZMO0675
TSS_1548	ZMO0675
TSS_1549	ZMO0675
TSS_1550	ZMO0675
TSS_1551	ZMO0676
TSS_1553	ZMO0676
TSS_1554	ZMO0676
TSS_1555	ZMO0676
TSS_1557	ZMO0677
TSS_1558	ZMO0677
TSS_1559	ZMO0678
TSS_1560	ZMO0682
TSS_1561	ZMO0682
TSS_1564	ZMO0687
TSS_1565	ZMO0687
TSS_1568	ZMO0688
TSS_1569	ZMO0688
TSS_1573	ZMO0689
TSS_1574	ZMO0689
TSS_1575	ZMO0689
TSS_1576	ZMO0691
TSS_1577	ZMO0691
TSS_1582	ZMO0692
TSS_1583	ZMO0692
TSS_1584	ZMO0693
TSS_1585	ZMO0693
TSS_1587	ZMO0693
TSS_1588	ZMO0693
TSS_1591	ZMO0694
TSS_1600	ZMO0695
TSS_1601	ZMO0698
TSS_1602	ZMO0704
TSS_1603	ZMO0704
TSS_1604	ZMO0704
TSS_1605	ZMO0704
TSS_1607	ZMO0710
TSS_1608	ZMO0709
TSS_1611	ZMO0709
TSS_1612	ZMO0709
TSS_1614	ZMO0711
TSS_1615	ZMO0711
TSS_1617	ZMO0712
TSS_1618	ZMO0713
TSS_1619	ZMO0713
TSS_1620	ZMO0715
TSS_1621	ZMO0714
TSS_1622	ZMO0715
TSS_1624	ZMO0716
TSS_1628	ZMO0720
TSS_1629	ZMO0720
TSS_1630	ZMO0720
TSS_1631	ZMO0720
TSS_1632	ZMO0720
TSS_1634	ZMO0721
TSS_1636	ZMO0722
TSS_1637	ZMO0722
TSS_1638	ZMO0722
TSS_1645	ZMOt013
TSS_1646	ZMOt013
TSS_1655	ZMO2006
TSS_1657	ZMO0725
TSS_1658	ZMO0726
TSS_1659	ZMO0726
TSS_1660	ZMO0727
TSS_1661	ZMO0727
TSS_1662	ZMO0727
TSS_1663	ZMO0727
TSS_1664	ZMO0727
TSS_1665	ZMO0727
TSS_1666	ZMO0728
TSS_1667	ZMO0728
TSS_1669	ZMO0728
TSS_1670	ZMO0728
TSS_1676	ZMO0731
TSS_1677	ZMO0731
TSS_1685	ZMO0732
TSS_1693	ZMO0734
TSS_1694	ZMO0734
TSS_1696	ZMO0734
TSS_1697	ZMO0734
TSS_1698	ZMO0734
TSS_1700	ZMO0734
TSS_1702	ZMO0733
TSS_1707	ZMO0738
TSS_1708	ZMO0736
TSS_1709	ZMO0736
TSS_1710	ZMO0736
TSS_1711	ZMO0736
TSS_1712	ZMO0736
TSS_1713	ZMO0738
TSS_1714	ZMO0737
TSS_1715	ZMO0739
TSS_1716	ZMO0739
TSS_1717	ZMO0740
TSS_1718	ZMO0740
TSS_1719	ZMO0740
TSS_1720	ZMO0740
TSS_1721	ZMO0740
TSS_1722	ZMO0740
TSS_1723	ZMO0740
TSS_1724	ZMO0743
TSS_1725	ZMO0743
TSS_1726	ZMO0743
TSS_1727	ZMO0743
TSS_1728	ZMO0743
TSS_1729	ZMO0743
TSS_1731	ZMO0744
TSS_1737	ZMO0746
TSS_1738	ZMO0748
TSS_1740	ZMO0748
TSS_1745	ZMO0749
TSS_1746	ZMO0749
TSS_1747	ZMO0749
TSS_1748	ZMO0749
TSS_1749	ZMO0749
TSS_1751	ZMO0749
TSS_1753	ZMO0753
TSS_1754	ZMO0753
TSS_1755	ZMO0753
TSS_1757	ZMO0753
TSS_1760	ZMO0760
TSS_1762	ZMO0760
TSS_1763	ZMO0760
TSS_1764	ZMO0760
TSS_1765	ZMO0765
TSS_1766	ZMO0765
TSS_1768	ZMO0765
TSS_1772	ZMO0766
TSS_1773	ZMO0766
TSS_1775	ZMO0766
TSS_1779	ZMO0767
TSS_1780	ZMO0770
TSS_1781	ZMO0770
TSS_1782	ZMO0773
TSS_1783	ZMO0770
TSS_1784	ZMO0773
TSS_1785	ZMO0773
TSS_1786	ZMO0776
TSS_1787	ZMO0776
TSS_1788	ZMO0777
TSS_1789	ZMO0778
TSS_1792	ZMO0781
TSS_1793	ZMO0781
TSS_1794	ZMO0781
TSS_1798	ZMO0784
TSS_1799	ZMO0785
TSS_1800	ZMO0785
TSS_1801	ZMO0786
TSS_1802	ZMO0786
TSS_1806	ZMO0791
TSS_1808	ZMO0794
TSS_1809	ZMO0794
TSS_1810	ZMO0797
TSS_1811	ZMO0797
TSS_1815	ZMO0804
TSS_1816	ZMO0806
TSS_1817	ZMO0806
TSS_1818	ZMO0807
TSS_1820	ZMO0812
TSS_1821	ZMO0813
TSS_1822	ZMO0813
TSS_1823	ZMO0815
TSS_1824	ZMO0815
TSS_1826	ZMO0815
TSS_1827	ZMO0815
TSS_1828	ZMO0815
TSS_1830	ZMO0815
TSS_1831	ZMO0815
TSS_1832	ZMO0815
TSS_1833	ZMO0815
TSS_1834	ZMO0815
TSS_1835	ZMO0815
TSS_1836	ZMO0815
TSS_1837	ZMO0815
TSS_1838	ZMO0815
TSS_1839	ZMO0815
TSS_1840	ZMO2056
TSS_1841	ZMO2056
TSS_1842	ZMO2056
TSS_1846	ZMO2056
TSS_1852	ZMO2056
TSS_1853	ZMO0818
TSS_1854	ZMO0818
TSS_1855	ZMO0818
TSS_1856	ZMO0818
TSS_1857	ZMO0819
TSS_1863	ZMO0821
TSS_1864	ZMO0821
TSS_1865	ZMO0821
TSS_1866	ZMO0821
TSS_1867	ZMO0822
TSS_1868	ZMO0823
TSS_1869	ZMO0825
TSS_1871	ZMO0825
TSS_1873	ZMO0827
TSS_1877	ZMO0836
TSS_1878	ZMO0836
TSS_1879	ZMO0836
TSS_1880	ZMO0836
TSS_1881	ZMO0837
TSS_1882	ZMO0837
TSS_1883	ZMO0837
TSS_1885	ZMO0837
TSS_1886	ZMO0837
TSS_1887	ZMO0837
TSS_1888	ZMO0837
TSS_1889	ZMO0837
TSS_1890	ZMO0837
TSS_1891	ZMO0837
TSS_1896	ZMO0840
TSS_1897	ZMO0844
TSS_1898	ZMO0844
TSS_1899	ZMO0844
TSS_1900	ZMO0844
TSS_1901	ZMO0844
TSS_1902	ZMO0844
TSS_1903	ZMO0844
TSS_1906	ZMO0844
TSS_1907	ZMO0844
TSS_1908	ZMO0845
TSS_1909	ZMO0845
TSS_1910	ZMO0845
TSS_1912	ZMO0847
TSS_1913	ZMO0847
TSS_1914	ZMO0847
TSS_1915	ZMO0847
TSS_1917	ZMO0847
TSS_1918	ZMO0847
TSS_1919	ZMO0850
TSS_1921	ZMO0850
TSS_1922	ZMO0850
TSS_1923	ZMO0850
TSS_1926	ZMO0851
TSS_1927	ZMO0851
TSS_1928	ZMO0851
TSS_1929	ZMO0853
TSS_1930	ZMO0855
TSS_1931	ZMO0856
TSS_1932	ZMO0856
TSS_1933	ZMO0856
TSS_1934	ZMO0856
TSS_1935	ZMO0856
TSS_1936	ZMO0857
TSS_1939	Zms16
TSS_1943	Zms16
TSS_1944	Zms16
TSS_1946	ZMO0861
TSS_1948	ZMO0862
TSS_1951	ZMO0865
TSS_1952	ZMO0865
TSS_1953	ZMO0865
TSS_1956	ZMO0866
TSS_1957	ZMO0866
TSS_1958	ZMO0867
TSS_1960	ZMO0867
TSS_1961	ZMO0869
TSS_1963	ZMO0872
TSS_1965	ZMO0873
TSS_1966	ZMO0873
TSS_1968	ZMO0874
TSS_1969	ZMO0875
TSS_1970	ZMO0875
TSS_1971	ZMO0875
TSS_1972	ZMO0875
TSS_1973	ZMO0876
TSS_1974	ZMO0876
TSS_1975	ZMO0876
TSS_1978	ZMO0876
TSS_1979	ZMO0876
TSS_1980	ZMO0876
TSS_1981	ZMO0878
TSS_1983	ZMO0878
TSS_1985	ZMO0878
TSS_1986	ZMO0878
TSS_1987	ZMO0878
TSS_1988	ZMO0878
TSS_1989	ZMO0880
TSS_1990	ZMO0880
TSS_1991	ZMO0882
TSS_1993	ZMO0882
TSS_1994	ZMO0884
TSS_1995	ZMO0884
TSS_1996	ZMO0884
TSS_1998	ZMO0884
TSS_2000	ZMO0885
TSS_2001	ZMO0886
TSS_2003	ZMO0889
TSS_2006	ZMO0890
TSS_2007	ZMO0890
TSS_2008	ZMO0890
TSS_2009	ZMO0890
TSS_2011	ZMO0890
TSS_2013	ZMO0894
TSS_2014	ZMO0895
TSS_2015	ZMO0895
TSS_2016	ZMO0895
TSS_2017	ZMO0896
TSS_2018	ZMO0896
TSS_2019	ZMO0896
TSS_2020	ZMO0899
TSS_2021	ZMO0899
TSS_2022	ZMO0899
TSS_2023	ZMO0900
TSS_2025	ZMO0902
TSS_2026	ZMO0903
TSS_2027	ZMO0903
TSS_2028	ZMO0903
TSS_2030	ZMO0904
TSS_2031	ZMO0905
TSS_2032	ZMO0905
TSS_2042	ZMO0908
TSS_2043	ZMO0908
TSS_2045	ZMO0909
TSS_2046	ZMO0911
TSS_2047	ZMO0910
TSS_2048	ZMO0910
TSS_2049	ZMO0911
TSS_2050	ZMO0910
TSS_2051	ZMO0911
TSS_2052	ZMO0911
TSS_2054	ZMO0910
TSS_2057	ZMO0912
TSS_2060	ZMO0913
TSS_2061	ZMO0915
TSS_2062	ZMO0914
TSS_2063	ZMO0914
TSS_2064	ZMO0914
TSS_2066	ZMO0914
TSS_2067	ZMO0915
TSS_2068	ZMO0915
TSS_2070	ZMO0916
TSS_2071	ZMO0916
TSS_2073	ZMO0917
TSS_2074	ZMO0917
TSS_2075	ZMO0917
TSS_2077	ZMO0918
TSS_2079	ZMO0918
TSS_2081	ZMO0918
TSS_2084	ZMO0919
TSS_2085	ZMO0919
TSS_2088	ZMO0923
TSS_2089	ZMO0924
TSS_2090	ZMO0923
TSS_2091	ZMO0924
TSS_2092	ZMO0924
TSS_2093	ZMO0924
TSS_2094	ZMO0924
TSS_2097	ZMO0925
TSS_2098	ZMO0925
TSS_2099	ZMO0925
TSS_2101	ZMO0926
TSS_2102	ZMO0926
TSS_2103	ZMO0926
TSS_2105	ZMO0927
TSS_2106	ZMO0934
TSS_2107	ZMO0934
TSS_2108	ZMO0935
TSS_2109	ZMO0935
TSS_2111	ZMO0937
TSS_2119	ZMO0942
TSS_2121	ZMO0945
TSS_2122	ZMO0945
TSS_2128	ZMO0946
TSS_2131	ZMO0946
TSS_2132	ZMO0946
TSS_2136	ZMO0947
TSS_2138	ZMO0947
TSS_2139	ZMO0948
TSS_2140	ZMO0948
TSS_2141	ZMO0948
TSS_2143	ZMO0949
TSS_2144	ZMO0949
TSS_2145	ZMO0949
TSS_2147	ZMO0949
TSS_2153	ZMO0952
TSS_2155	ZMO0956
TSS_2156	ZMO0956
TSS_2157	ZMO0956
TSS_2159	ZMO0961
TSS_2160	ZMO0961
TSS_2162	ZMO0964
TSS_2164	ZMO0963
TSS_2165	ZMO0964
TSS_2167	ZMO0964
TSS_2168	ZMO0964
TSS_2169	ZMO0963
TSS_2173	ZMO0965
TSS_2174	ZMO0965
TSS_2178	ZMO0967
TSS_2179	ZMO0969
TSS_2180	ZMO0972
TSS_2181	ZMO0972
TSS_2182	ZMO0972
TSS_2183	ZMO0973
TSS_2184	ZMO0973
TSS_2185	ZMO0973
TSS_2186	ZMO0974
TSS_2187	ZMO0974
TSS_2188	ZMO0974
TSS_2189	ZMO0975
TSS_2192	ZMO0976
TSS_2194	ZMO0976
TSS_2195	ZMO0979
TSS_2196	ZMO0979
TSS_2197	ZMO0980
TSS_2199	ZMO0980
TSS_2200	ZMO0980
TSS_2201	ZMO0980
TSS_2204	ZMO0983
TSS_2205	ZMO0986
TSS_2206	ZMO0986
TSS_2207	ZMO0987
TSS_2208	ZMO0987
TSS_2209	ZMO0987
TSS_2211	ZMO0987
TSS_2212	ZMO0988
TSS_2214	ZMO0988
TSS_2216	ZMO0988
TSS_2219	ZMO2009
TSS_2220	ZMO0988
TSS_2221	ZMO0988
TSS_2224	ZMO0989
TSS_2228	ZMO0992
TSS_2230	ZMO0994
TSS_2233	ZMO0994
TSS_2234	ZMO0994
TSS_2235	ZMO0994
TSS_2236	ZMO0994
TSS_2237	ZMO0994
TSS_2238	ZMO0996
TSS_2239	ZMO0994
TSS_2240	ZMO0997
TSS_2242	ZMO0997
TSS_2243	ZMO0997
TSS_2244	ZMO0997
TSS_2245	ZMO0997
TSS_2246	ZMO0998
TSS_2249	ZMO0999
TSS_2252	ZMO1000
TSS_2254	ZMO1000
TSS_2255	ZMO1000
TSS_2259	ZMO1001
TSS_2260	ZMO1002
TSS_2261	ZMO1002
TSS_2263	ZMO1004
TSS_2265	ZMO1005
TSS_2266	ZMO1007
TSS_2267	ZMO1007
TSS_2272	ZMO1008
TSS_2273	ZMO1008
TSS_2274	ZMO1008
TSS_2275	ZMO1008
TSS_2276	ZMO1008
TSS_2278	ZMO1010
TSS_2283	ZMO1011
TSS_2284	ZMO1011
TSS_2285	ZMO1011
TSS_2286	ZMO1011
TSS_2289	ZMO1014
TSS_2290	ZMO1015
TSS_2291	ZMO1015
TSS_2292	ZMO1015
TSS_2293	ZMO1015
TSS_2294	ZMO1016
TSS_2295	ZMO1018
TSS_2296	ZMO1018
TSS_2297	ZMO1018
TSS_2298	ZMO1019
TSS_2299	ZMO1020
TSS_2300	ZMO1020
TSS_2301	ZMO1020
TSS_2303	ZMO1020
TSS_2304	ZMO1022
TSS_2306	ZMO1021
TSS_2307	ZMO1021
TSS_2309	ZMO1023
TSS_2310	ZMO1023
TSS_2312	ZMO1025
TSS_2314	ZMO1026
TSS_2315	ZMO1026
TSS_2317	ZMO1030
TSS_2318	ZMO1030
TSS_2319	ZMO1032
TSS_2320	ZMO1033
TSS_2325	ZMO1034
TSS_2326	ZMO1034
TSS_2327	ZMO1036
TSS_2328	ZMO1036
TSS_2329	ZMO1036
TSS_2330	ZMO1036
TSS_2331	ZMO1036
TSS_2346	ZMO1039
TSS_2347	ZMO1039
TSS_2348	ZMO1040
TSS_2350	ZMO1040
TSS_2351	ZMO1040
TSS_2358	ZMO1044
TSS_2359	ZMO1043
TSS_2360	ZMO1044
TSS_2366	ZMO1045
TSS_2367	ZMO1047
TSS_2368	ZMO1047
TSS_2369	ZMO1048
TSS_2370	ZMO1048
TSS_2373	ZMO1052
TSS_2374	ZMO1052
TSS_2379	ZMO1055
TSS_2380	ZMO1057
TSS_2381	ZMO1057
TSS_2382	ZMO1059
TSS_2383	ZMO1059
TSS_2386	ZMO1060
TSS_2387	ZMO1060
TSS_2388	ZMO1060
TSS_2389	ZMO1060
TSS_2390	ZMO1062
TSS_2391	ZMO1063
TSS_2392	ZMO1063
TSS_2412	ZMO2059
TSS_2416	ZMO2059
TSS_2417	ZMO2059
TSS_2419	ZMO1070
TSS_2420	ZMO1075
TSS_2422	ZMO1075
TSS_2424	ZMO1076
TSS_2425	ZMO1077
TSS_2427	ZMO1079
TSS_2429	ZMO1079
TSS_2430	ZMO1079
TSS_2431	ZMO1079
TSS_2432	ZMO1079
TSS_2433	ZMO1080
TSS_2434	ZMO1080
TSS_2437	ZMO1085
TSS_2439	ZMO1086
TSS_2440	ZMO1086
TSS_2442	ZMO1088
TSS_2443	ZMO1088
TSS_2445	ZMO1089
TSS_2446	ZMO1090
TSS_2447	ZMO1092
TSS_2449	ZMO1095
TSS_2452	ZMO1097
TSS_2453	ZMO1097
TSS_2454	ZMO1097
TSS_2455	ZMO1097
TSS_2456	ZMO1097
TSS_2457	ZMO1098
TSS_2458	ZMO1100
TSS_2459	ZMO1101
TSS_2462	ZMO1102
TSS_2464	ZMO1107
TSS_2465	ZMO1105
TSS_2466	ZMO1107
TSS_2467	ZMO1107
TSS_2468	ZMO1107
TSS_2469	ZMO1107
TSS_2479	ZMO1109
TSS_2481	ZMO1109
TSS_2483	ZMO1109
TSS_2484	ZMO1109
TSS_2486	ZMO1109
TSS_2487	ZMO1109
TSS_2488	ZMO1109
TSS_2490	ZMO1109
TSS_2491	ZMO1111
TSS_2492	ZMO1111
TSS_2493	ZMO1113
TSS_2496	ZMO1113
TSS_2498	ZMO1113
TSS_2501	ZMO1114
TSS_2506	ZMO1116
TSS_2507	ZMO1116
TSS_2512	ZMO1118
TSS_2513	ZMO1121
TSS_2514	ZMO1122
TSS_2518	ZMO1124
TSS_2519	ZMO1124
TSS_2520	ZMO1124
TSS_2521	ZMO1125
TSS_2522	ZMO1125
TSS_2523	ZMO1127
TSS_2524	ZMO1128
TSS_2525	ZMO1128
TSS_2526	ZMO1130
TSS_2527	ZMO1130
TSS_2528	ZMO1130
TSS_2530	ZMO1133
TSS_2532	ZMO1132
TSS_2533	ZMO1132
TSS_2535	ZMO1132
TSS_2536	ZMO1133
TSS_2538	ZMO1135
TSS_2539	ZMO1135
TSS_2540	ZMO1135
TSS_2542	ZMO1136
TSS_2543	ZMO1136
TSS_2544	ZMO1136
TSS_2546	ZMO1137
TSS_2548	ZMO1137
TSS_2549	ZMO1137
TSS_2552	ZMO1139
TSS_2553	ZMO1139
TSS_2554	ZMO1139
TSS_2562	ZMO1140
TSS_2563	ZMO1140
TSS_2564	ZMO1141
TSS_2566	ZMO1141
TSS_2569	ZMO1141
TSS_2573	ZMO1142
TSS_2575	ZMO1144
TSS_2576	ZMO1145
TSS_2577	ZMO1145
TSS_2578	ZMO1146
TSS_2579	ZMO1146
TSS_2580	ZMO1147
TSS_2581	ZMO1147
TSS_2583	ZMO1147
TSS_2584	ZMO1147
TSS_2586	ZMO1148
TSS_2588	ZMO1148
TSS_2589	ZMO1148
TSS_2591	ZMO1149
TSS_2592	ZMO1149
TSS_2594	ZMO1153
TSS_2595	ZMO1154
TSS_2597	ZMO1154
TSS_2598	ZMO1154
TSS_2599	ZMO1155
TSS_2600	ZMO1155
TSS_2601	ZMO1155
TSS_2602	ZMO1155
TSS_2606	ZMO1156
TSS_2607	ZMO1156
TSS_2608	ZMO1156
TSS_2609	ZMO1156
TSS_2610	ZMO1156
TSS_2612	ZMO1156
TSS_2614	ZMO1156
TSS_2617	ZMO2060
TSS_2618	ZMO2060
TSS_2619	ZMO1158
TSS_2620	ZMO1158
TSS_2621	ZMO1160
TSS_2622	ZMO1160
TSS_2623	ZMO1160
TSS_2624	ZMO1162
TSS_2627	ZMO1163
TSS_2628	ZMO1163
TSS_2629	ZMO1163
TSS_2630	ZMO1163
TSS_2631	ZMO1164
TSS_2634	ZMO1166
TSS_2636	ZMO1166
TSS_2637	ZMO1167
TSS_2638	ZMO1169
TSS_2639	ZMO1170
TSS_2640	ZMO1170
TSS_2641	ZMO1172
TSS_2643	ZMO1171
TSS_2644	ZMO1171
TSS_2649	ZMO1173
TSS_2652	ZMO1174
TSS_2653	ZMO1174
TSS_2654	ZMO1174
TSS_2655	ZMO1176
TSS_2656	ZMO1177
TSS_2657	ZMO1177
TSS_2658	ZMO1178
TSS_2659	ZMO1178
TSS_2660	ZMO1178
TSS_2661	ZMO1178
TSS_2664	ZMO1180
TSS_2665	ZMO1180
TSS_2666	ZMO1181
TSS_2667	ZMO1181
TSS_2669	ZMO1182
TSS_2670	ZMO1182
TSS_2673	ZMO1184
TSS_2674	ZMO1184
TSS_2675	ZMO1185
TSS_2676	ZMO1185
TSS_2677	ZMO1184
TSS_2678	ZMO1184
TSS_2679	ZMO1186
TSS_2681	ZMO1187
TSS_2683	ZMO1187
TSS_2684	ZMO1188
TSS_2685	ZMO1188
TSS_2686	ZMO1189
TSS_2694	ZMO1198
TSS_2697	ZMO1200
TSS_2698	ZMO1200
TSS_2702	ZMO2061
TSS_2703	ZMO2061
TSS_2704	ZMO1205
TSS_2705	ZMO1205
TSS_2707	ZMO1207
TSS_2708	ZMO1207
TSS_2716	ZMO1209
TSS_2717	ZMO1209
TSS_2722	ZMO1209
TSS_2724	ZMO1209
TSS_2730	ZMO1211
TSS_2731	ZMO1212
TSS_2733	ZMO1212
TSS_2735	ZMO1212
TSS_2737	ZMO1212
TSS_2740	ZMO1212
TSS_2742	ZMO1213
TSS_2743	ZMO1214
TSS_2744	ZMO1215
TSS_2745	ZMO1215
TSS_2746	ZMO1215
TSS_2750	ZMO1215
TSS_2751	ZMO1215
TSS_2753	ZMO1215
TSS_2755	ZMO2011
TSS_2756	ZMO2011
TSS_2758	ZMO2011
TSS_2760	ZMO2011
TSS_2761	ZMO2011
TSS_2762	ZMO2011
TSS_2763	Zms14
TSS_2765	ZMO1220
TSS_2766	ZMO1220
TSS_2767	ZMO1220
TSS_2768	ZMO1220
TSS_2769	ZMO1220
TSS_2770	ZMO1221
TSS_2773	ZMO1222
TSS_2774	ZMO1222
TSS_2775	ZMO1222
TSS_2776	ZMO1223
TSS_2779	ZMO1225
TSS_2781	ZMO1225
TSS_2784	ZMO1225
TSS_2785	ZMO1225
TSS_2786	ZMO1225
TSS_2787	ZMO1225
TSS_2788	ZMO1226
TSS_2789	ZMO1227
TSS_2793	ZMO1228
TSS_2794	ZMO1229
TSS_2795	ZMO1231
TSS_2796	ZMO1229
TSS_2797	ZMO1229
TSS_2798	ZMO1229
TSS_2799	ZMO1229
TSS_2800	ZMO1229
TSS_2803	ZMO1232
TSS_2806	ZMO1233
TSS_2807	ZMO1234
TSS_2808	ZMO1235
TSS_2809	ZMO1235
TSS_2810	ZMO1235
TSS_2820	ZMO1236
TSS_2821	ZMO1236
TSS_2823	ZMO1236
TSS_2824	ZMO1236
TSS_2826	ZMO1236
TSS_2829	ZMO1237
TSS_2830	ZMO1237
TSS_2834	ZMO1237
TSS_2837	ZMO1240
TSS_2838	ZMO1240
TSS_2839	ZMO1240
TSS_2840	ZMO1240
TSS_2842	ZMO1240
TSS_2843	ZMO1240
TSS_2845	ZMO1240
TSS_2846	ZMO1240
TSS_2847	ZMO1240
TSS_2848	ZMO1240
TSS_2849	ZMO1246
TSS_2851	ZMO2063
TSS_2852	ZMO1251
TSS_2853	ZMO1251
TSS_2859	ZMO1261
TSS_2860	ZMO1267
TSS_2863	ZMO1268
TSS_2864	ZMO1268
TSS_2865	ZMO2012
TSS_2866	ZMO1268
TSS_2867	ZMO2012
TSS_2868	ZMO2012
TSS_2869	ZMO1270
TSS_2871	ZMO1271
TSS_2873	ZMO1271
TSS_2874	ZMO1272
TSS_2878	ZMO1271
TSS_2880	ZMO1272
TSS_2883	ZMO1273
TSS_2884	ZMO1275
TSS_2885	ZMO1278
TSS_2887	ZMO1278
TSS_2888	ZMO1278
TSS_2889	ZMO1278
TSS_2890	ZMO1278
TSS_2891	ZMO1279
TSS_2892	ZMO1279
TSS_2893	ZMO1279
TSS_2894	ZMO1279
TSS_2895	ZMO1279
TSS_2896	ZMO1279
TSS_2898	ZMO1279
TSS_2899	ZMO1279
TSS_2900	ZMO1279
TSS_2901	ZMO1279
TSS_2902	ZMO2013
TSS_2903	ZMO2013
TSS_2904	ZMO1283
TSS_2906	ZMO1285
TSS_2908	ZMO1286
TSS_2909	ZMO1286
TSS_2910	ZMO1286
TSS_2912	ZMO1286
TSS_2916	ZMO1288
TSS_2917	ZMO1288
TSS_2918	ZMO1288
TSS_2920	ZMO1289
TSS_2923	ZMO1289
TSS_2924	ZMO1289
TSS_2926	ZMO1289
TSS_2927	ZMO1289
TSS_2929	ZMO1289
TSS_2930	ZMO1289
TSS_2932	ZMO1291
TSS_2933	ZMO1291
TSS_2934	ZMO1294
TSS_2940	ZMO2015
TSS_2941	ZMO1298
TSS_2943	ZMO1298
TSS_2945	ZMO2016
TSS_2946	ZMO2016
TSS_2947	ZMO2017
TSS_2949	ZMO2017
TSS_2950	ZMO2017
TSS_2951	ZMO2017
TSS_2955	ZMO1304
TSS_2956	ZMO1304
TSS_2958	ZMO1305
TSS_2959	ZMO1305
TSS_2961	ZMO1305
TSS_2964	ZMO1307
TSS_2965	ZMO1307
TSS_2966	ZMO1306
TSS_2967	ZMO1311
TSS_2968	ZMO1309
TSS_2969	ZMO1309
TSS_2970	ZMO1309
TSS_2971	ZMO1311
TSS_2972	ZMO1311
TSS_2973	ZMO1311
TSS_2975	ZMO1312
TSS_2976	ZMO1312
TSS_2977	ZMO1312
TSS_2978	ZMO1313
TSS_2979	ZMO1313
TSS_2980	ZMO1313
TSS_2982	ZMO1315
TSS_2983	ZMO1316
TSS_2986	ZMO1319
TSS_2987	ZMO1320
TSS_2988	ZMO1320
TSS_2990	ZMO1321
TSS_2992	ZMO1321
TSS_2993	ZMO1322
TSS_2994	ZMO1322
TSS_2995	ZMO1322
TSS_2996	ZMO1323
TSS_2997	ZMO1324
TSS_2998	ZMO1325
TSS_2999	ZMO1325
TSS_3001	ZMO1326
TSS_3003	ZMO1326
TSS_3004	ZMO1326
TSS_3005	ZMO1326
TSS_3006	ZMO1326
TSS_3007	ZMO1331
TSS_3008	ZMO1331
TSS_3010	ZMO1331
TSS_3011	ZMO1331
TSS_3013	ZMO1331
TSS_3014	ZMO1331
TSS_3015	ZMO1331
TSS_3016	ZMO1331
TSS_3020	ZMO1334
TSS_3023	ZMO1335
TSS_3025	ZMO1335
TSS_3027	Zms4
TSS_3030	ZMO1337
TSS_3031	ZMO1337
TSS_3032	ZMO1341
TSS_3033	ZMO1341
TSS_3034	ZMO1341
TSS_3046	ZMO1344
TSS_3048	ZMO1344
TSS_3050	ZMO1345
TSS_3053	ZMO1346
TSS_3055	ZMO1346
TSS_3056	ZMO1346
TSS_3057	ZMO1346
TSS_3059	ZMO1347
TSS_3060	ZMO1348
TSS_3062	ZMO1350
TSS_3065	ZMO1350
TSS_3066	ZMO1351
TSS_3069	ZMO1352
TSS_3070	ZMO1352
TSS_3071	ZMO1352
TSS_3072	ZMO1352
TSS_3073	ZMO1353
TSS_3075	ZMO1353
TSS_3076	ZMO1353
TSS_3077	ZMO1353
TSS_3078	ZMO1353
TSS_3079	ZMO1353
TSS_3080	ZMO1353
TSS_3081	ZMO1353
TSS_3082	ZMO1354
TSS_3083	ZMO1354
TSS_3085	ZMO1354
TSS_3086	ZMO1354
TSS_3087	ZMO1354
TSS_3088	ZMO1354
TSS_3090	ZMO1354
TSS_3092	ZMO1354
TSS_3093	ZMO1354
TSS_3096	ZMO1354
TSS_3097	ZMO1356
TSS_3098	ZMO1356
TSS_3100	ZMO1358
TSS_3103	ZMO1358
TSS_3104	ZMO1358
TSS_3106	ZMO1358
TSS_3107	ZMO1358
TSS_3113	ZMO1360
TSS_3114	ZMO1360
TSS_3117	ZMO1360
TSS_3118	ZMO1360
TSS_3120	ZMO2067
TSS_3124	ZMO1365
TSS_3129	ZMO1366
TSS_3130	ZMO1366
TSS_3131	ZMO1366
TSS_3134	ZMO1369
TSS_3135	ZMO1369
TSS_3139	ZMO1372
TSS_3140	ZMO1372
TSS_3141	ZMO1373
TSS_3142	ZMO1373
TSS_3143	ZMO1373
TSS_3155	ZMO1380
TSS_3157	ZMO1384
TSS_3158	ZMO1385
TSS_3159	ZMO1385
TSS_3160	ZMO1387
TSS_3161	ZMO1387
TSS_3163	ZMO1388
TSS_3164	ZMO1389
TSS_3170	ZMO1393
TSS_3171	ZMO1392
TSS_3173	ZMO1396
TSS_3174	ZMO1396
TSS_3176	ZMO1396
TSS_3177	ZMO1399
TSS_3178	ZMO1398
TSS_3179	ZMO1398
TSS_3180	ZMO1402
TSS_3181	ZMO1402
TSS_3182	ZMO1402
TSS_3184	ZMO1403
TSS_3186	ZMO1404
TSS_3188	ZMO1405
TSS_3190	ZMO1405
TSS_3191	ZMO1406
TSS_3193	ZMO1407
TSS_3194	ZMO1407
TSS_3196	ZMO1408
TSS_3198	ZMO1409
TSS_3199	ZMO2019
TSS_3200	ZMO2019
TSS_3203	ZMO2019
TSS_3207	ZMO2019
TSS_3212	ZMO1410
TSS_3213	ZMO1410
TSS_3214	ZMO1410
TSS_3215	ZMO1410
TSS_3216	ZMO1410
TSS_3219	ZMO1411
TSS_3220	ZMO1411
TSS_3222	ZMO1411
TSS_3223	ZMO1411
TSS_3224	ZMO1412
TSS_3228	ZMO1415
TSS_3229	ZMO1417
TSS_3230	ZMO1415
TSS_3232	ZMO2069
TSS_3234	ZMO1422
TSS_3235	ZMO1422
TSS_3236	ZMO1424
TSS_3240	ZMO1426
TSS_3241	ZMO1426
TSS_3242	ZMO1428
TSS_3247	ZMO1430
TSS_3248	ZMO1431
TSS_3251	ZMO1432
TSS_3252	ZMO1434
TSS_3253	ZMO1434
TSS_3254	ZMO1436
TSS_3255	ZMO1436
TSS_3256	ZMO1436
TSS_3257	ZMO1439
TSS_3258	ZMO1440
TSS_3259	ZMO1440
TSS_3260	ZMO1440
TSS_3261	ZMO1441
TSS_3263	ZMO1441
TSS_3264	ZMO1442
TSS_3269	ZMO1446
TSS_3270	ZMO1447
TSS_3272	ZMO1448
TSS_3273	ZMO1451
TSS_3275	ZMO1456
TSS_3276	ZMO1456
TSS_3279	ZMO1459
TSS_3284	ZMO1464
TSS_3285	ZMO1464
TSS_3290	ZMO1467
TSS_3294	ZMO1468
TSS_3295	ZMO1470
TSS_3296	ZMO1470
TSS_3298	ZMO1473
TSS_3299	ZMO1471
TSS_3302	ZMO1476
TSS_3304	ZMO1477
TSS_3305	ZMO1478
TSS_3306	ZMO1478
TSS_3307	ZMO1478
TSS_3308	ZMO1478
TSS_3309	ZMO1478
TSS_3310	ZMO1478
TSS_3311	ZMO1478
TSS_3312	ZMO1478
TSS_3313	ZMO1478
TSS_3314	ZMO1478
TSS_3316	ZMO1480
TSS_3317	ZMO1480
TSS_3318	ZMO1480
TSS_3319	ZMO1481
TSS_3323	ZMO1485
TSS_3332	ZMO1487
TSS_3335	ZMO1488
TSS_3336	ZMO1488
TSS_3337	ZMO1488
TSS_3338	ZMO1488
TSS_3340	ZMO1490
TSS_3341	ZMO1490
TSS_3342	ZMO1490
TSS_3343	ZMO1490
TSS_3344	ZMO1490
TSS_3345	ZMO1490
TSS_3346	ZMO1490
TSS_3347	ZMO1490
TSS_3348	ZMO1490
TSS_3349	ZMO1490
TSS_3350	ZMO1490
TSS_3351	ZMO1490
TSS_3352	ZMO1490
TSS_3353	ZMO1490
TSS_3354	ZMO1490
TSS_3355	ZMO1490
TSS_3358	ZMO1490
TSS_3360	ZMO1490
TSS_3362	ZMO1490
TSS_3365	ZMO1489
TSS_3368	ZMO1489
TSS_3369	ZMO1491
TSS_3370	ZMO1491
TSS_3371	ZMO1491
TSS_3372	ZMO1491
TSS_3373	ZMO1491
TSS_3374	ZMO1491
TSS_3380	ZMO1495
TSS_3381	ZMO1496
TSS_3382	ZMO1496
TSS_3383	ZMO1496
TSS_3390	ZMO1497
TSS_3391	ZMO1497
TSS_3392	ZMO1497
TSS_3393	ZMO1497
TSS_3394	ZMO1498
TSS_3395	ZMO1502
TSS_3396	ZMO1504
TSS_3397	ZMO1506
TSS_3398	ZMO1506
TSS_3400	ZMO1506
TSS_3401	ZMO1506
TSS_3402	ZMO1506
TSS_3404	ZMO1508
TSS_3405	ZMO1509
TSS_3408	ZMO1511
TSS_3414	ZMO1514
TSS_3415	ZMO2020
TSS_3416	ZMO2020
TSS_3417	ZMO2020
TSS_3418	ZMO2020
TSS_3420	ZMO2020
TSS_3422	ZMO1516
TSS_3424	ZMO1516
TSS_3429	ZMO1516
TSS_3431	ZMO1519
TSS_3433	ZMO1519
TSS_3434	ZMO1519
TSS_3435	ZMO1520
TSS_3436	ZMO1522
TSS_3439	ZMO1522
TSS_3440	ZMO1522
TSS_3441	ZMO1522
TSS_3443	ZMO1522
TSS_3456	ZMO1524
TSS_3466	ZMO1529
TSS_3467	ZMO1529
TSS_3468	ZMO1529
TSS_3469	ZMO1529
TSS_3470	ZMO1530
TSS_3471	ZMO1530
TSS_3472	ZMO1530
TSS_3473	ZMO1529
TSS_3474	ZMO1530
TSS_3475	ZMO1529
TSS_3477	ZMO1531
TSS_3480	ZMO1533
TSS_3481	ZMO1533
TSS_3495	ZMO1540
TSS_3496	ZMO1540
TSS_3497	ZMO1540
TSS_3499	ZMO1542
TSS_3500	ZMO1542
TSS_3501	ZMO1542
TSS_3503	ZMO1544
TSS_3504	ZMO1544
TSS_3505	ZMO1544
TSS_3507	ZMO1545
TSS_3508	ZMO1545
TSS_3509	ZMO1545
TSS_3510	ZMO1545
TSS_3513	ZMO1547
TSS_3514	ZMO1548
TSS_3516	ZMO1549
TSS_3517	ZMO1549
TSS_3518	ZMO1549
TSS_3519	ZMO1550
TSS_3520	ZMO1552
TSS_3521	ZMO1554
TSS_3522	ZMO1556
TSS_3523	ZMO1557
TSS_3525	ZMO1557
TSS_3527	ZMO1561
TSS_3528	ZMO1562
TSS_3529	ZMO1562
TSS_3531	ZMO1563
TSS_3537	ZMO1564
TSS_3540	ZMO1566
TSS_3543	ZMO1570
TSS_3544	ZMO1571
TSS_3545	ZMO1571
TSS_3547	ZMO2021
TSS_3550	Zms24
TSS_3553	ZMO1581
TSS_3554	ZMO1581
TSS_3558	ZMO1583
TSS_3559	ZMO1583
TSS_3560	ZMO1586
TSS_3561	ZMO1586
TSS_3562	ZMO1586
TSS_3563	ZMO1587
TSS_3564	ZMO1588
TSS_3567	ZMO1592
TSS_3570	ZMO1593
TSS_3571	ZMO1593
TSS_3572	ZMO1593
TSS_3573	ZMO1593
TSS_3575	ZMO1596
TSS_3577	ZMO1596
TSS_3579	ZMO1596
TSS_3580	ZMO1596
TSS_3584	ZMO1598
TSS_3585	ZMO1598
TSS_3586	ZMO1598
TSS_3587	ZMO1598
TSS_3588	ZMO1600
TSS_3589	ZMO1600
TSS_3590	ZMO1600
TSS_3592	ZMO1602
TSS_3593	ZMO1602
TSS_3594	ZMO1602
TSS_3595	ZMO1603
TSS_3596	ZMO1603
TSS_3597	ZMO1603
TSS_3598	ZMO1604
TSS_3600	ZMO1606
TSS_3601	ZMO1606
TSS_3603	ZMO1607
TSS_3605	ZMO1608
TSS_3609	ZMO1608
TSS_3614	ZMO1609
TSS_3615	ZMO1609
TSS_3617	ZMO1609
TSS_3618	ZMO1609
TSS_3619	ZMO1608
TSS_3620	ZMO1608
TSS_3621	ZMO1609
TSS_3622	ZMO1610
TSS_3624	ZMO1608
TSS_3625	ZMO1608
TSS_3626	ZMO1608
TSS_3627	ZMO1610
TSS_3628	ZMO1610
TSS_3629	ZMO1611
TSS_3630	ZMO1612
TSS_3633	ZMO1614
TSS_3636	ZMO1615
TSS_3638	ZMO1615
TSS_3639	ZMO1615
TSS_3640	ZMO1615
TSS_3641	ZMO1618
TSS_3642	ZMO1619
TSS_3643	ZMO1618
TSS_3645	ZMO1619
TSS_3649	ZMO1622
TSS_3650	ZMO1622
TSS_3653	ZMO1623
TSS_3654	ZMO1623
TSS_3655	ZMO1623
TSS_3656	ZMO1623
TSS_3657	ZMO1623
TSS_3658	ZMO1623
TSS_3662	Zms15
TSS_3664	Zms15
TSS_3665	ZMO1625
TSS_3666	ZMO1627
TSS_3667	ZMO1631
TSS_3668	ZMO1631
TSS_3670	ZMO1634
TSS_3671	ZMO1634
TSS_3672	ZMO1634
TSS_3673	ZMO1636
TSS_3675	ZMO1636
TSS_3676	ZMO1636
TSS_3677	ZMO1636
TSS_3678	ZMO1636
TSS_3679	ZMO1638
TSS_3680	ZMO1638
TSS_3681	ZMO1638
TSS_3682	ZMO1638
TSS_3683	ZMO1638
TSS_3685	ZMO1638
TSS_3686	ZMO1640
TSS_3688	ZMO1641
TSS_3689	ZMO1641
TSS_3690	ZMO1641
TSS_3691	ZMO1641
TSS_3694	ZMO1642
TSS_3695	ZMO1642
TSS_3696	ZMO1643
TSS_3697	ZMO1642
TSS_3698	ZMO1644
TSS_3699	ZMO1646
TSS_3700	ZMO1646
TSS_3703	ZMOt040
TSS_3704	ZMO1648
TSS_3705	ZMO1647
TSS_3707	ZMO1649
TSS_3708	ZMO1649
TSS_3712	ZMO1650
TSS_3713	ZMO1650
TSS_3714	ZMO1650
TSS_3715	ZMO1650
TSS_3716	ZMO1650
TSS_3719	ZMO1652
TSS_3720	ZMO1652
TSS_3721	ZMO1652
TSS_3722	ZMO1652
TSS_3723	ZMO1654
TSS_3724	ZMO1654
TSS_3725	ZMO1654
TSS_3726	ZMO1654
TSS_3727	ZMO1653
TSS_3729	ZMO1653
TSS_3731	ZMO1653
TSS_3732	ZMO1655
TSS_3733	ZMO1656
TSS_3734	ZMO1656
TSS_3735	ZMO1656
TSS_3737	ZMO1657
TSS_3738	ZMO1657
TSS_3739	ZMO1658
TSS_3740	ZMO1659
TSS_3741	ZMO1659
TSS_3743	ZMO1660
TSS_3744	ZMO1661
TSS_3745	ZMO1662
TSS_3746	ZMO1663
TSS_3747	ZMO1667
TSS_3748	ZMO1668
TSS_3750	ZMO1668
TSS_3751	ZMO1668
TSS_3752	ZMO1668
TSS_3753	ZMO1671
TSS_3755	ZMO1672
TSS_3758	ZMO1673
TSS_3759	ZMO1673
TSS_3760	ZMO1675
TSS_3762	ZMO1677
TSS_3765	ZMO1679
TSS_3767	ZMO1681
TSS_3768	ZMO1683
TSS_3769	ZMO1683
TSS_3771	ZMO1684
TSS_3772	ZMO1686
TSS_3774	ZMO1688
TSS_3776	ZMO1689
TSS_3778	ZMO1690
TSS_3779	ZMO1690
TSS_3780	ZMO1690
TSS_3782	ZMO1692
TSS_3783	ZMO1692
TSS_3784	ZMO1692
TSS_3787	ZMO1694
TSS_3788	ZMO1694
TSS_3789	ZMO1694
TSS_3790	ZMO1694
TSS_3791	ZMO1694
TSS_3792	ZMO1694
TSS_3793	ZMO1694
TSS_3794	ZMO1694
TSS_3795	ZMO1694
TSS_3796	ZMO1694
TSS_3797	ZMO1694
TSS_3798	ZMO1694
TSS_3799	ZMO1694
TSS_3802	ZMO1695
TSS_3803	ZMO1695
TSS_3804	ZMO1697
TSS_3805	ZMO1698
TSS_3806	ZMO1699
TSS_3807	ZMO1700
TSS_3808	ZMO1700
TSS_3809	ZMO1701
TSS_3811	ZMO1702
TSS_3812	ZMO1702
TSS_3814	ZMO1703
TSS_3815	ZMO1703
TSS_3816	ZMO1703
TSS_3818	ZMO1704
TSS_3819	ZMO1704
TSS_3820	ZMO1704
TSS_3822	ZMO1705
TSS_3824	ZMO1707
TSS_3825	ZMO1707
TSS_3826	ZMO1707
TSS_3827	ZMO1708
TSS_3828	ZMO1710
TSS_3829	ZMO1710
TSS_3830	ZMO1710
TSS_3831	ZMO1711
TSS_3832	ZMO1713
TSS_3833	ZMO1713
TSS_3835	ZMO1713
TSS_3837	ZMO1713
TSS_3838	ZMO1713
TSS_3839	ZMO1713
TSS_3841	ZMO1713
TSS_3842	ZMO1713
TSS_3843	ZMO2025
TSS_3844	ZMO2025
TSS_3845	ZMO1715
TSS_3850	ZMO1716
TSS_3851	ZMO1716
TSS_3852	ZMO1716
TSS_3853	ZMO1716
TSS_3857	ZMO1717
TSS_3858	ZMO1717
TSS_3859	ZMO1717
TSS_3861	ZMO1717
TSS_3862	ZMO1717
TSS_3863	ZMO1717
TSS_3864	ZMO1718
TSS_3866	ZMO1719
TSS_3869	ZMO1719
TSS_3870	ZMO1719
TSS_3871	ZMO1719
TSS_3872	ZMO1719
TSS_3873	ZMO1719
TSS_3874	ZMO1719
TSS_3877	ZMO1720
TSS_3879	ZMO1721
TSS_3882	ZMO1721
TSS_3884	ZMO1723
TSS_3885	ZMO1723
TSS_3886	ZMO1724
TSS_3887	ZMO1725
TSS_3888	ZMO1725
TSS_3889	ZMO1725
TSS_3890	ZMO1725
TSS_3891	ZMO1728
TSS_3892	ZMO1730
TSS_3893	ZMO1730
TSS_3895	ZMO1733
TSS_3896	ZMO1732
TSS_3897	ZMO1732
TSS_3898	ZMO1732
TSS_3900	ZMO1733
TSS_3907	ZMO1734
TSS_3909	ZMO1738
TSS_3910	ZMO1738
TSS_3911	ZMO1738
TSS_3912	ZMO1738
TSS_3913	ZMO1739
TSS_3914	ZMO1740
TSS_3915	ZMO1741
TSS_3916	ZMO1741
TSS_3918	ZMO1743
TSS_3919	ZMO1743
TSS_3923	ZMO1746
TSS_3924	ZMO1746
TSS_3925	ZMO1749
TSS_3926	ZMO1748
TSS_3927	ZMO1749
TSS_3928	ZMO1749
TSS_3931	ZMO1751
TSS_3932	ZMO1751
TSS_3933	ZMO1751
TSS_3937	ZMO1751
TSS_3939	ZMO1751
TSS_3940	ZMO1751
TSS_3941	ZMO1751
TSS_3942	ZMO1751
TSS_3948	ZMO1751
TSS_3950	ZMO1751
TSS_3952	ZMO1751
TSS_3953	ZMO1751
TSS_3954	ZMO1752
TSS_3955	ZMO1752
TSS_3956	ZMO1752
TSS_3957	ZMO1753
TSS_3959	ZMO1753
TSS_3960	ZMO1753
TSS_3961	ZMO1753
TSS_3964	ZMO1754
TSS_3965	ZMO1754
TSS_3966	ZMO1756
TSS_3967	ZMO1757
TSS_3968	ZMO1757
TSS_3969	ZMO1757
TSS_3972	ZMO1758
TSS_3975	ZMO1761
TSS_3976	ZMO1761
TSS_3977	ZMO1760
TSS_3978	ZMO1760
TSS_3979	ZMO1764
TSS_3980	ZMO1764
TSS_3981	ZMO1766
TSS_3982	ZMO1766
TSS_3984	ZMO1767
TSS_3985	ZMO1767
TSS_3986	ZMO1767
TSS_3987	ZMO1770
TSS_3988	ZMO1770
TSS_3989	ZMO1770
TSS_3990	ZMO1771
TSS_3991	ZMO1771
TSS_3992	ZMO1771
TSS_3993	ZMO1773
TSS_3995	ZMO1773
TSS_3996	ZMO1773
TSS_3998	ZMO1776
TSS_3999	ZMO1776
TSS_4003	ZMO1777
TSS_4004	ZMO1778
TSS_4005	ZMO1778
TSS_4006	ZMO1779
TSS_4007	ZMO1779
TSS_4008	ZMO1779
TSS_4009	ZMO1779
TSS_4010	ZMO1779
TSS_4011	ZMO1779
TSS_4012	ZMO1779
TSS_4013	ZMO1780
TSS_4016	ZMO1780
TSS_4017	ZMO1780
TSS_4020	ZMO1780
TSS_4024	ZMO1780
TSS_4033	ZMO1790
TSS_4034	ZMO1788
TSS_4035	ZMO1790
TSS_4036	ZMO1790
TSS_4037	ZMO1790
TSS_4059	ZMO1794
TSS_4060	ZMO1794
TSS_4061	ZMO1794
TSS_4062	ZMO1796
TSS_4063	ZMO1794
TSS_4064	ZMO1794
TSS_4065	ZMO1796
TSS_4066	ZMO1796
TSS_4069	ZMO1798
TSS_4076	ZMO1800
TSS_4077	ZMO1800
TSS_4078	ZMO1801
TSS_4079	ZMO1801
TSS_4080	ZMO1801
TSS_4082	ZMO2027
TSS_4083	ZMO2027
TSS_4084	ZMO1804
TSS_4085	ZMO1805
TSS_4086	ZMO1806
TSS_4087	ZMO1811
TSS_4089	ZMO1814
TSS_4090	ZMO1814
TSS_4091	ZMO1814
TSS_4092	ZMO1815
TSS_4093	ZMO1815
TSS_4096	ZMO1818
TSS_4097	ZMO1818
TSS_4098	ZMO1818
TSS_4099	ZMO1818
TSS_4100	ZMO1818
TSS_4101	ZMO1818
TSS_4103	ZMO1823
TSS_4106	ZMO1827
TSS_4110	ZMO1838
TSS_4112	ZMO1838
TSS_4113	ZMO2029
TSS_4114	ZMO1840
TSS_4115	ZMO1840
TSS_4116	ZMO1841
TSS_4119	ZMO1842
TSS_4120	ZMO1842
TSS_4121	ZMO1842
TSS_4122	ZMO1842
TSS_4125	ZMO1844
TSS_4126	ZMO1844
TSS_4127	ZMO1845
TSS_4128	ZMO1845
TSS_4129	ZMO1845
TSS_4130	ZMO1847
TSS_4132	ZMO1848
TSS_4133	ZMO1848
TSS_4135	ZMO1849
TSS_4138	ZMO1850
TSS_4139	ZMO1850
TSS_4141	ZMO1854
TSS_4143	ZMO1860
TSS_4144	ZMO1860
TSS_4145	ZMO1860
TSS_4149	ZMO1861
TSS_4158	ZMO1867
TSS_4159	ZMO1867
TSS_4160	ZMO1867
TSS_4161	ZMO1867
TSS_4163	ZMO1867
TSS_4164	ZMO1867
TSS_4166	ZMO1868
TSS_4167	ZMO1869
TSS_4168	ZMO1870
TSS_4170	ZMO1871
TSS_4171	ZMO1871
TSS_4172	ZMO1871
TSS_4174	ZMO1873
TSS_4175	ZMO1873
TSS_4176	ZMO1874
TSS_4177	ZMO1875
TSS_4178	ZMO1875
TSS_4180	ZMO1875
TSS_4182	ZMO1876
TSS_4184	ZMO1876
TSS_4185	ZMO1876
TSS_4186	ZMO1876
TSS_4188	ZMO1878
TSS_4189	ZMO1877
TSS_4190	ZMO1877
TSS_4191	ZMO1878
TSS_4192	ZMO1877
TSS_4195	ZMO1879
TSS_4196	ZMO1879
TSS_4197	ZMO1879
TSS_4203	ZMO1882
TSS_4204	ZMO1882
TSS_4205	ZMO1882
TSS_4206	ZMO1882
TSS_4207	ZMO1882
TSS_4208	ZMO1882
TSS_4209	ZMO1882
TSS_4211	ZMO1882
TSS_4212	ZMO1882
TSS_4213	ZMO1882
TSS_4214	ZMO1882
TSS_4216	ZMO1882
TSS_4217	ZMO1882
TSS_4219	ZMO1885
TSS_4221	ZMO1887
TSS_4222	ZMO1887
TSS_4223	ZMO1887
TSS_4224	ZMO1887
TSS_4229	ZMO1889
TSS_4233	ZMO1891
TSS_4234	ZMO1891
TSS_4235	ZMO1892
TSS_4236	ZMO1892
TSS_4237	ZMO1895
TSS_4238	ZMO1895
TSS_4246	ZMO1898
TSS_4249	ZMO2031
TSS_4251	ZMO2031
TSS_4253	ZMO1901
TSS_4254	ZMO1901
TSS_4255	ZMO1901
TSS_4256	ZMO1901
TSS_4257	ZMO1901
TSS_4259	ZMO1901
TSS_4261	ZMO1902
TSS_4265	ZMO1905
TSS_4266	ZMO1905
TSS_4267	ZMO1906
TSS_4268	ZMO1906
TSS_4269	ZMO1906
TSS_4276	ZMO1907
TSS_4277	ZMO1907
TSS_4278	ZMO1908
TSS_4279	ZMO1909
TSS_4280	ZMO1908
TSS_4281	ZMO1909
TSS_4286	ZMO1910
TSS_4288	ZMO1910
TSS_4290	ZMO1910
TSS_4291	ZMO1911
TSS_4292	ZMO1912
TSS_4295	ZMO1913
TSS_4297	ZMO1913
TSS_4298	ZMO1913
TSS_4305	ZMO1916
TSS_4307	ZMO1918
TSS_4308	ZMO1918
TSS_4309	ZMO1917
TSS_4311	ZMO1920
TSS_4312	ZMO1920
TSS_4313	ZMO1920
TSS_4314	ZMO1920
TSS_4315	ZMO1920
TSS_4317	ZMO1920
TSS_4318	ZMO1920
TSS_4323	ZMO1922
TSS_4324	ZMO1923
TSS_4328	ZMO1924
TSS_4331	ZMO1925
TSS_4332	ZMO1925
TSS_4335	ZMO1927
TSS_4338	ZMO1927
TSS_4339	ZMO1927
TSS_4340	ZMO1927
TSS_4341	ZMO1927
TSS_4342	ZMO1927
TSS_4343	ZMO1927
TSS_4345	ZMO1929
TSS_4348	ZMO1929
TSS_4349	ZMO1929
TSS_4350	ZMO1929
TSS_4352	ZMO1929
TSS_4363	ZMO1930
TSS_4366	ZMO1931
TSS_4371	ZMO1934
TSS_4372	ZMO2033
TSS_4374	ZMO1944
TSS_4384	ZMO1955
TSS_4385	ZMO1955
TSS_4386	ZMO1955
TSS_4387	ZMO1956
TSS_4388	ZMO1956
TSS_4389	ZMO1957
TSS_4390	ZMO1958
TSS_4391	ZMO1958
TSS_4393	ZMO1959
TSS_4395	ZMO1959
TSS_4399	ZMO1963
TSS_4400	ZMO1963
TSS_4404	ZMO1967
TSS_4405	ZMO1967
TSS_4406	ZMO1969
TSS_4407	ZMO1969
TSS_4408	ZMO1969
TSS_4409	ZMO1969
TSS_4411	ZMO1954
TSS_4412	ZMO1974
TSS_4413	ZMO1975
TSS_4414	ZMO1979
TSS_4417	ZMO1983
TSS_4422	ZMO1992
TSS_4423	ZMO1993
TSS_4425	ZMO1996
TSS_4427	ZMO1997
TSS_4428	ZMO1998
TSS_4431	ZMOp32x002
TSS_4432	ZMOp32x001
TSS_4433	ZMOp32x002
TSS_4434	ZMOp32x005
TSS_4444	ZMOp32x008
TSS_4446	ZMOp32x009
TSS_4449	ZMOp32x010
TSS_4453	ZMOp32x012
TSS_4463	ZMOp32x017
TSS_4466	ZMOp32x020
TSS_4469	ZMOp32x021
TSS_4470	ZMOp32x031
TSS_4471	ZMOp32x022
TSS_4473	ZMOp32x023
TSS_4474	ZMOp32x023
TSS_4481	ZMOp32x033
TSS_4483	ZMOp32x033
TSS_4484	ZMOp32x025
TSS_4486	ZMOp32x034
TSS_4487	ZMOp32x028
TSS_4488	ZMOp32x028
TSS_4489	ZMOp32x028
TSS_4491	ZMOp33x001
TSS_4493	ZMOp33x001
TSS_4496	ZMOp33x003
TSS_4497	ZMOp33x004
TSS_4498	ZMOp33x004
TSS_4499	ZMOp33x005
TSS_4500	ZMOp33x005
TSS_4501	ZMOp33x005
TSS_4502	ZMOp33x006
TSS_4503	ZMOp33x006
TSS_4504	ZMOp33x008
TSS_4507	ZMOp33x012
TSS_4508	ZMOp33x012
TSS_4510	ZMOp33x014
TSS_4511	ZMOp33x014
TSS_4514	ZMOp33x015
TSS_4520	ZMOp33x018
TSS_4522	ZMOp33x018
TSS_4525	ZMOp33x020
TSS_4526	ZMOp33x021
TSS_4527	ZMOp33x021
TSS_4528	ZMOp33x022
TSS_4529	ZMOp33x021
TSS_4530	ZMOp33x021
TSS_4531	ZMOp33x021
TSS_4532	ZMOp33x021
TSS_4533	ZMOp33x022
TSS_4535	ZMOp33x022
TSS_4536	ZMOp33x022
TSS_4537	ZMOp33x023
TSS_4552	ZMOp33x024
TSS_4553	ZMOp33x024
TSS_4556	ZMOp33x027
TSS_4557	ZMOp33x027
TSS_4559	ZMOp33x027
TSS_4562	ZMOp33x031
TSS_4564	ZMOp33x030
TSS_4565	ZMOp33x031
TSS_4568	ZMOp33x033
TSS_4569	ZMOp33x032
TSS_4572	ZMOp33x035
TSS_4573	ZMOp33x037
TSS_4574	ZMOp33x035
TSS_4575	ZMOp33x039
TSS_4582	ZMOp36x017
TSS_4583	ZMOp36x048
TSS_4584	ZMOp36x048
TSS_4586	ZMOp36x050
TSS_4587	ZMOp36x050
TSS_4588	ZMOp36x051
TSS_4589	ZMOp36x022
TSS_4590	ZMOp36x024
TSS_4591	ZMOp36x024
TSS_4594	ZMOp36x029
TSS_4595	ZMOp36x030
TSS_4596	ZMOp36x030
TSS_4597	ZMOp36x030
TSS_4598	ZMOp36x030
TSS_4599	ZMOp36x030
TSS_4600	ZMOp36x032
TSS_4601	ZMOp36x033
TSS_4602	ZMOp36x032
TSS_4603	ZMOp36x039
TSS_4604	ZMOp36x039
TSS_4608	ZMOp39x002
TSS_4612	ZMOp39x005
TSS_4613	ZMOp39x005
TSS_4614	ZMOp39x005
TSS_4618	ZMOp39x008
TSS_4619	ZMOp39x009
TSS_4620	ZMOp39x009
TSS_4622	ZMOp39x017
TSS_4624	ZMOp39x020
TSS_4625	ZMOp39x020
TSS_4627	ZMOp39x020
TSS_4629	ZMOp39x026
TSS_4630	ZMOp39x026
TSS_4631	ZMOp39x026
TSS_4643	ZMOp39x029
TSS_4644	ZMOp39x030
TSS_4646	ZMOp39x035
TSS_4647	ZMOp39x035
TSS_4648	ZMOp39x030
TSS_4650	ZMOp39x037
TSS_4651	ZMOp39x037
TSS_4652	ZMOp39x034
