sample_name,filenameR1,filenameR2,jgi_sample_name,jgi_fastq,input_sample,genome,file_path
ZMO1697,52999.2.522038.AAGTCACCAT-AAACGCAGGT_R1.fastq.gz,52999.2.522038.AAGTCACCAT-AAACGCAGGT_R2.fastq.gz,ZMO1697_Z_mobilis_ZM4_DAPi711F01-ORGi5071-96P444,52999.2.522038.AAGTCACCAT-AAACGCAGGT.fastq.gz,Combined_control,ZM4,source1
ZMO1854,52999.2.522038.AATCCTGGAT-AAACGCAGGT_R1.fastq.gz,52999.2.522038.AATCCTGGAT-AAACGCAGGT_R2.fastq.gz,ZMO1854_Z_mobilis_ZM4_DAPi711C06-ORGi5071-96P444,52999.2.522038.AATCCTGGAT-AAACGCAGGT.fastq.gz,Combined_control,ZM4,source1
ZMO1793,52999.2.522038.AATGCGCTAT-AAACGCAGGT_R1.fastq.gz,52999.2.522038.AATGCGCTAT-AAACGCAGGT_R2.fastq.gz,ZMO1793_Z_mobilis_ZM4_DAPi711G04-ORGi5071-96P444,52999.2.522038.AATGCGCTAT-AAACGCAGGT.fastq.gz,Combined_control,ZM4,source1
ZMO0471,52999.2.522038.ACAGGTCTAT-AAACGCAGGT_R1.fastq.gz,52999.2.522038.ACAGGTCTAT-AAACGCAGGT_R2.fastq.gz,ZMO0471_Z_mobilis_ZM4_DAPi711D05-ORGi5071-96P444,52999.2.522038.ACAGGTCTAT-AAACGCAGGT.fastq.gz,Combined_control,ZM4,source1
ZMO0774,52999.2.522038.ACATGCACAT-AAACGCAGGT_R1.fastq.gz,52999.2.522038.ACATGCACAT-AAACGCAGGT_R2.fastq.gz,ZMO0774_Z_mobilis_ZM4_DAPi711C04-ORGi5071-96P444,52999.2.522038.ACATGCACAT-AAACGCAGGT.fastq.gz,Combined_control,ZM4,source1
ZMO1121,52999.2.522038.ACCACCAAAT-AAACGCAGGT_R1.fastq.gz,52999.2.522038.ACCACCAAAT-AAACGCAGGT_R2.fastq.gz,ZMO1121_Z_mobilis_ZM4_DAPi711D02-ORGi5071-96P444,52999.2.522038.ACCACCAAAT-AAACGCAGGT.fastq.gz,Combined_control,ZM4,source1
ZMO1126,52999.2.522038.ACGACACTAT-AAACGCAGGT_R1.fastq.gz,52999.2.522038.ACGACACTAT-AAACGCAGGT_R2.fastq.gz,ZMO1126_Z_mobilis_ZM4_DAPi711E01-ORGi5071-96P444,52999.2.522038.ACGACACTAT-AAACGCAGGT.fastq.gz,Combined_control,ZM4,source1
ZMO1937,52999.2.522038.AGGTGACAAT-AAACGCAGGT_R1.fastq.gz,52999.2.522038.AGGTGACAAT-AAACGCAGGT_R2.fastq.gz,ZMO1937_Z_mobilis_ZM4_DAPi711D01-ORGi5071-96P444,52999.2.522038.AGGTGACAAT-AAACGCAGGT.fastq.gz,Combined_control,ZM4,source1
ZMO1235,52999.2.522038.ATCGAGTCAT-AAACGCAGGT_R1.fastq.gz,52999.2.522038.ATCGAGTCAT-AAACGCAGGT_R2.fastq.gz,ZMO1235_Z_mobilis_ZM4_DAPi711E02-ORGi5071-96P444,52999.2.522038.ATCGAGTCAT-AAACGCAGGT.fastq.gz,Combined_control,ZM4,source1
ZMO1547,52999.2.522038.ATGCCGATAT-AAACGCAGGT_R1.fastq.gz,52999.2.522038.ATGCCGATAT-AAACGCAGGT_R2.fastq.gz,ZMO1547_Z_mobilis_ZM4_DAPi711B03-ORGi5071-96P444,52999.2.522038.ATGCCGATAT-AAACGCAGGT.fastq.gz,Combined_control,ZM4,source1
ZMO1733,52999.2.522038.ATTCAGCGAT-AAACGCAGGT_R1.fastq.gz,52999.2.522038.ATTCAGCGAT-AAACGCAGGT_R2.fastq.gz,ZMO1733_Z_mobilis_ZM4_DAPi711A05-ORGi5071-96P444,52999.2.522038.ATTCAGCGAT-AAACGCAGGT.fastq.gz,Combined_control,ZM4,source1
ZMO0781,52999.2.522038.CAAACACCAT-AAACGCAGGT_R1.fastq.gz,52999.2.522038.CAAACACCAT-AAACGCAGGT_R2.fastq.gz,ZMO0781_Z_mobilis_ZM4_DAPi711B05-ORGi5071-96P444,52999.2.522038.CAAACACCAT-AAACGCAGGT.fastq.gz,Combined_control,ZM4,source1
ZMO1944,52999.2.522038.CAACCTTCAT-AAACGCAGGT_R1.fastq.gz,52999.2.522038.CAACCTTCAT-AAACGCAGGT_R2.fastq.gz,ZMO1944_Z_mobilis_ZM4_DAPi711A06-ORGi5071-96P444,52999.2.522038.CAACCTTCAT-AAACGCAGGT.fastq.gz,Combined_control,ZM4,source1
ZMO1876,52999.2.522038.CACAAGCTAT-AAACGCAGGT_R1.fastq.gz,52999.2.522038.CACAAGCTAT-AAACGCAGGT_R2.fastq.gz,ZMO1876_Z_mobilis_ZM4_DAPi711F02-ORGi5071-96P444,52999.2.522038.CACAAGCTAT-AAACGCAGGT.fastq.gz,Combined_control,ZM4,source1
ZMO1383,52999.2.522038.CCTTCGTAAT-AAACGCAGGT_R1.fastq.gz,52999.2.522038.CCTTCGTAAT-AAACGCAGGT_R2.fastq.gz,ZMO1383_Z_mobilis_ZM4_DAPi711A01-ORGi5071-96P444,52999.2.522038.CCTTCGTAAT-AAACGCAGGT.fastq.gz,Combined_control,ZM4,source1
ZMO0054,52999.2.522038.CGATAAGGAT-AAACGCAGGT_R1.fastq.gz,52999.2.522038.CGATAAGGAT-AAACGCAGGT_R2.fastq.gz,ZMO0054_Z_mobilis_ZM4_DAPi711H02-ORGi5071-96P444,52999.2.522038.CGATAAGGAT-AAACGCAGGT.fastq.gz,Combined_control,ZM4,source1
ZMO1787,52999.2.522038.CGTAAGAGAT-AAACGCAGGT_R1.fastq.gz,52999.2.522038.CGTAAGAGAT-AAACGCAGGT_R2.fastq.gz,ZMO1787_Z_mobilis_ZM4_DAPi711B01-ORGi5071-96P444,52999.2.522038.CGTAAGAGAT-AAACGCAGGT.fastq.gz,Combined_control,ZM4,source1
ZMO0190,52999.2.522038.CTAACTCGAT-AAACGCAGGT_R1.fastq.gz,52999.2.522038.CTAACTCGAT-AAACGCAGGT_R2.fastq.gz,ZMO0190_Z_mobilis_ZM4_DAPi711H04-ORGi5071-96P444,52999.2.522038.CTAACTCGAT-AAACGCAGGT.fastq.gz,Combined_control,ZM4,source1
ZMO0199,52999.2.522038.CTGTACGAAT-AAACGCAGGT_R1.fastq.gz,52999.2.522038.CTGTACGAAT-AAACGCAGGT_R2.fastq.gz,ZMO0199_Z_mobilis_ZM4_DAPi711E03-ORGi5071-96P444,52999.2.522038.CTGTACGAAT-AAACGCAGGT.fastq.gz,Combined_control,ZM4,source1
ZMO0281,52999.2.522038.GAACGATGAT-AAACGCAGGT_R1.fastq.gz,52999.2.522038.GAACGATGAT-AAACGCAGGT_R2.fastq.gz,ZMO0281_Z_mobilis_ZM4_DAPi711D03-ORGi5071-96P444,52999.2.522038.GAACGATGAT-AAACGCAGGT.fastq.gz,Combined_control,ZM4,source1
ZMO1511,52999.2.522038.GAGTAGCAAT-AAACGCAGGT_R1.fastq.gz,52999.2.522038.GAGTAGCAAT-AAACGCAGGT_R2.fastq.gz,ZMO1511_Z_mobilis_ZM4_DAPi711F05-ORGi5071-96P444,52999.2.522038.GAGTAGCAAT-AAACGCAGGT.fastq.gz,Combined_control,ZM4,source1
ZMO0373,52999.2.522038.GCAAACTCAT-AAACGCAGGT_R1.fastq.gz,52999.2.522038.GCAAACTCAT-AAACGCAGGT_R2.fastq.gz,ZMO0373_Z_mobilis_ZM4_DAPi711G01-ORGi5071-96P444,52999.2.522038.GCAAACTCAT-AAACGCAGGT.fastq.gz,Combined_control,ZM4,source1
ZMO1857,52999.2.522038.GCAATTCGAT-AAACGCAGGT_R1.fastq.gz,52999.2.522038.GCAATTCGAT-AAACGCAGGT_R2.fastq.gz,ZMO1857_Z_mobilis_ZM4_DAPi711B04-ORGi5071-96P444,52999.2.522038.GCAATTCGAT-AAACGCAGGT.fastq.gz,Combined_control,ZM4,source1
ZMO1574,52999.2.522038.GCGAATAGAT-AAACGCAGGT_R1.fastq.gz,52999.2.522038.GCGAATAGAT-AAACGCAGGT_R2.fastq.gz,ZMO1574_Z_mobilis_ZM4_DAPi711F04-ORGi5071-96P444,52999.2.522038.GCGAATAGAT-AAACGCAGGT.fastq.gz,Combined_control,ZM4,source1
Control_TF_DNA_1,52999.2.522038.GCTCCAAAAT-AAACGCAGGT_R1.fastq.gz,52999.2.522038.GCTCCAAAAT-AAACGCAGGT_R2.fastq.gz,Control_TF_DNA_Z_mobilis_ZM4_DAPi711G06-ORGi5071-96P444,52999.2.522038.GCTCCAAAAT-AAACGCAGGT.fastq.gz,Combined_control,ZM4,source1
ZMO0925,52999.2.522038.GCTTGTGAAT-AAACGCAGGT_R1.fastq.gz,52999.2.522038.GCTTGTGAAT-AAACGCAGGT_R2.fastq.gz,ZMO0925_Z_mobilis_ZM4_DAPi711C03-ORGi5071-96P444,52999.2.522038.GCTTGTGAAT-AAACGCAGGT.fastq.gz,Combined_control,ZM4,source1
ZMO0349,52999.2.522038.GGCCTTAAAT-AAACGCAGGT_R1.fastq.gz,52999.2.522038.GGCCTTAAAT-AAACGCAGGT_R2.fastq.gz,ZMO0349_Z_mobilis_ZM4_DAPi711A03-ORGi5071-96P444,52999.2.522038.GGCCTTAAAT-AAACGCAGGT.fastq.gz,Combined_control,ZM4,source1
ZMO01164,52999.2.522038.GGTGCTATAT-AAACGCAGGT_R1.fastq.gz,52999.2.522038.GGTGCTATAT-AAACGCAGGT_R2.fastq.gz,ZMO1164_Z_mobilis_ZM4_DAPi711G03-ORGi5071-96P444,52999.2.522038.GGTGCTATAT-AAACGCAGGT.fastq.gz,Combined_control,ZM4,source1
ZMO0626t,52999.2.522038.GTAACAGGAT-AAACGCAGGT_R1.fastq.gz,52999.2.522038.GTAACAGGAT-AAACGCAGGT_R2.fastq.gz,ZMO0626t_Z_mobilis_ZM4_DAPi711F03-ORGi5071-96P444,52999.2.522038.GTAACAGGAT-AAACGCAGGT.fastq.gz,Combined_control,ZM4,source1
ZMO0631,52999.2.522038.GTAGGTCTAT-AAACGCAGGT_R1.fastq.gz,52999.2.522038.GTAGGTCTAT-AAACGCAGGT_R2.fastq.gz,ZMO0631_Z_mobilis_ZM4_DAPi711H05-ORGi5071-96P444,52999.2.522038.GTAGGTCTAT-AAACGCAGGT.fastq.gz,Combined_control,ZM4,source1
Control_TF_DNA_2,52999.2.522038.GTATTGCGAT-AAACGCAGGT_R1.fastq.gz,52999.2.522038.GTATTGCGAT-AAACGCAGGT_R2.fastq.gz,Control_TF_DNA_Z_mobilis_ZM4_DAPi711E06-ORGi5071-96P444,52999.2.522038.GTATTGCGAT-AAACGCAGGT.fastq.gz,Combined_control,ZM4,source1
ZMO0100,52999.2.522038.GTCTGCAAAT-AAACGCAGGT_R1.fastq.gz,52999.2.522038.GTCTGCAAAT-AAACGCAGGT_R2.fastq.gz,ZMO0100_Z_mobilis_ZM4_DAPi711H01-ORGi5071-96P444,52999.2.522038.GTCTGCAAAT-AAACGCAGGT.fastq.gz,Combined_control,ZM4,source1
ZMO1268,52999.2.522038.GTGAACGAAT-AAACGCAGGT_R1.fastq.gz,52999.2.522038.GTGAACGAAT-AAACGCAGGT_R2.fastq.gz,ZMO1268_Z_mobilis_ZM4_DAPi711E05-ORGi5071-96P444,52999.2.522038.GTGAACGAAT-AAACGCAGGT.fastq.gz,Combined_control,ZM4,source1
ZMO1867,52999.2.522038.GTGATGGAAT-AAACGCAGGT_R1.fastq.gz,52999.2.522038.GTGATGGAAT-AAACGCAGGT_R2.fastq.gz,ZMO1867_Z_mobilis_ZM4_DAPi711A04-ORGi5071-96P444,52999.2.522038.GTGATGGAAT-AAACGCAGGT.fastq.gz,Combined_control,ZM4,source1
ZMO1412,52999.2.522038.GTTAGCGTAT-AAACGCAGGT_R1.fastq.gz,52999.2.522038.GTTAGCGTAT-AAACGCAGGT_R2.fastq.gz,ZMO1412_Z_mobilis_ZM4_DAPi711A02-ORGi5071-96P444,52999.2.522038.GTTAGCGTAT-AAACGCAGGT.fastq.gz,Combined_control,ZM4,source1
ZMO0478,52999.2.522038.TACCTGCTAT-AAACGCAGGT_R1.fastq.gz,52999.2.522038.TACCTGCTAT-AAACGCAGGT_R2.fastq.gz,ZMO0478_Z_mobilis_ZM4_DAPi711H03-ORGi5071-96P444,52999.2.522038.TACCTGCTAT-AAACGCAGGT.fastq.gz,Combined_control,ZM4,source1
Control_TF_DNA_3,52999.2.522038.TACTGACGAT-AAACGCAGGT_R1.fastq.gz,52999.2.522038.TACTGACGAT-AAACGCAGGT_R2.fastq.gz,Control_TF_DNA_Z_mobilis_ZM4_DAPi711H06-ORGi5071-96P444,52999.2.522038.TACTGACGAT-AAACGCAGGT.fastq.gz,Combined_control,ZM4,source1
ZMO0244,52999.2.522038.TAGCCAACAT-AAACGCAGGT_R1.fastq.gz,52999.2.522038.TAGCCAACAT-AAACGCAGGT_R2.fastq.gz,ZMO0244_Z_mobilis_ZM4_DAPi711C01-ORGi5071-96P444,52999.2.522038.TAGCCAACAT-AAACGCAGGT.fastq.gz,Combined_control,ZM4,source1
ZMO1124,52999.2.522038.TAGTACCGAT-AAACGCAGGT_R1.fastq.gz,52999.2.522038.TAGTACCGAT-AAACGCAGGT_R2.fastq.gz,ZMO1124_Z_mobilis_ZM4_DAPi711B06-ORGi5071-96P444,52999.2.522038.TAGTACCGAT-AAACGCAGGT.fastq.gz,Combined_control,ZM4,source1
ZMO0050,52999.2.522038.TCGGATGTAT-AAACGCAGGT_R1.fastq.gz,52999.2.522038.TCGGATGTAT-AAACGCAGGT_R2.fastq.gz,ZMO0050_Z_mobilis_ZM4_DAPi711D04-ORGi5071-96P444,52999.2.522038.TCGGATGTAT-AAACGCAGGT.fastq.gz,Combined_control,ZM4,source1
ZMO1356,52999.2.522038.TGCCTGTTAT-AAACGCAGGT_R1.fastq.gz,52999.2.522038.TGCCTGTTAT-AAACGCAGGT_R2.fastq.gz,ZMO1356_Z_mobilis_ZM4_DAPi711D06-ORGi5071-96P444,52999.2.522038.TGCCTGTTAT-AAACGCAGGT.fastq.gz,Combined_control,ZM4,source1
ZMO1206,52999.2.522038.TGTCCTCAAT-AAACGCAGGT_R1.fastq.gz,52999.2.522038.TGTCCTCAAT-AAACGCAGGT_R2.fastq.gz,ZMO1206_Z_mobilis_ZM4_DAPi711C05-ORGi5071-96P444,52999.2.522038.TGTCCTCAAT-AAACGCAGGT.fastq.gz,Combined_control,ZM4,source1
ZMO0203,52999.2.522038.TGTCTTCGAT-AAACGCAGGT_R1.fastq.gz,52999.2.522038.TGTCTTCGAT-AAACGCAGGT_R2.fastq.gz,ZMO0203_Z_mobilis_ZM4_DAPi711B02-ORGi5071-96P444,52999.2.522038.TGTCTTCGAT-AAACGCAGGT.fastq.gz,Combined_control,ZM4,source1
ZMO0940,52999.2.522038.TTCATGGGAT-AAACGCAGGT_R1.fastq.gz,52999.2.522038.TTCATGGGAT-AAACGCAGGT_R2.fastq.gz,ZMO0940_Z_mobilis_ZM4_DAPi711G02-ORGi5071-96P444,52999.2.522038.TTCATGGGAT-AAACGCAGGT.fastq.gz,Combined_control,ZM4,source1
ZMO1061,52999.2.522038.TTCCGATCAT-AAACGCAGGT_R1.fastq.gz,52999.2.522038.TTCCGATCAT-AAACGCAGGT_R2.fastq.gz,ZMO1061_Z_mobilis_ZM4_DAPi711G05-ORGi5071-96P444,52999.2.522038.TTCCGATCAT-AAACGCAGGT.fastq.gz,Combined_control,ZM4,source1
ZMO0023,52999.2.522038.TTCGTTGGAT-AAACGCAGGT_R1.fastq.gz,52999.2.522038.TTCGTTGGAT-AAACGCAGGT_R2.fastq.gz,ZMO0023_Z_mobilis_ZM4_DAPi711C02-ORGi5071-96P444,52999.2.522038.TTCGTTGGAT-AAACGCAGGT.fastq.gz,Combined_control,ZM4,source1
ZMO1336,52999.2.522038.TTCTCGACAT-AAACGCAGGT_R1.fastq.gz,52999.2.522038.TTCTCGACAT-AAACGCAGGT_R2.fastq.gz,ZMO1336_Z_mobilis_ZM4_DAPi711E04-ORGi5071-96P444,52999.2.522038.TTCTCGACAT-AAACGCAGGT.fastq.gz,Combined_control,ZM4,source1
Control_TF_DNA_4,52999.2.522038.TTTGCGCTAT-AAACGCAGGT_R1.fastq.gz,52999.2.522038.TTTGCGCTAT-AAACGCAGGT_R2.fastq.gz,Control_TF_DNA_Z_mobilis_ZM4_DAPi711F06-ORGi5071-96P444,52999.2.522038.TTTGCGCTAT-AAACGCAGGT.fastq.gz,Combined_control,ZM4,source1
Combined_control,combined_control_R1.fastq.gz,combined_control_R2.fastq.gz,combined_control,na,,ZM4,source1
